gvkey,iid,date,tic,conm,prccd,prchd,prcld,prcod
6266,1,04-01-2010,JNJ,JOHNSON & JOHNSON,64.68,64.99,64.41,64.71
6266,1,05-01-2010,JNJ,JOHNSON & JOHNSON,63.93,64.62,63.82,64.58
6266,1,06-01-2010,JNJ,JOHNSON & JOHNSON,64.45,64.54,63.83,63.9
6266,1,07-01-2010,JNJ,JOHNSON & JOHNSON,63.99,64.35,63.74,64.25
6266,1,08-01-2010,JNJ,JOHNSON & JOHNSON,64.21,64.26,63.63,63.92
6266,1,11-01-2010,JNJ,JOHNSON & JOHNSON,64.22,64.75,64.01,64.75
6266,1,12-01-2010,JNJ,JOHNSON & JOHNSON,64.56,64.72,64.015,64.13
6266,1,13-01-2010,JNJ,JOHNSON & JOHNSON,64.97,65.23,64.54,64.54
6266,1,14-01-2010,JNJ,JOHNSON & JOHNSON,65.1,65.265,64.75,65.2
6266,1,15-01-2010,JNJ,JOHNSON & JOHNSON,64.56,65.2,63.98,65.14
6266,1,19-01-2010,JNJ,JOHNSON & JOHNSON,65.35,65.75,64.11,64.14
6266,1,20-01-2010,JNJ,JOHNSON & JOHNSON,65.15,65.95,64.47,65.47
6266,1,21-01-2010,JNJ,JOHNSON & JOHNSON,63.97,65.47,63.8,65.07
6266,1,22-01-2010,JNJ,JOHNSON & JOHNSON,63.2,64.19,63.09,63.91
6266,1,25-01-2010,JNJ,JOHNSON & JOHNSON,63.22,63.7,63.05,63.67
6266,1,26-01-2010,JNJ,JOHNSON & JOHNSON,62.79,63.01,62.22,62.64
6266,1,27-01-2010,JNJ,JOHNSON & JOHNSON,63.44,63.72,62.7,62.78
6266,1,28-01-2010,JNJ,JOHNSON & JOHNSON,63.8,64.07,63.04,63.57
6266,1,29-01-2010,JNJ,JOHNSON & JOHNSON,62.86,64.27,62.82,63.95
6266,1,01-02-2010,JNJ,JOHNSON & JOHNSON,63.09,63.26,62.77,63.26
6266,1,02-02-2010,JNJ,JOHNSON & JOHNSON,63.99,64.195,62.63,63.2
6266,1,03-02-2010,JNJ,JOHNSON & JOHNSON,63.63,63.87,63.29,63.87
6266,1,04-02-2010,JNJ,JOHNSON & JOHNSON,62.64,63.62,62.62,63.49
6266,1,05-02-2010,JNJ,JOHNSON & JOHNSON,62.64,63.6,61.89,62.69
6266,1,08-02-2010,JNJ,JOHNSON & JOHNSON,62.37,62.98,62.26,62.5
6266,1,09-02-2010,JNJ,JOHNSON & JOHNSON,62.76,63.47,62.47,62.55
6266,1,10-02-2010,JNJ,JOHNSON & JOHNSON,62.73,63.07,62.21,62.79
6266,1,11-02-2010,JNJ,JOHNSON & JOHNSON,62.91,63.21,62.26,62.62
6266,1,12-02-2010,JNJ,JOHNSON & JOHNSON,62.72,63,62.11,62.61
6266,1,16-02-2010,JNJ,JOHNSON & JOHNSON,63.61,63.71,62.82,63.25
6266,1,17-02-2010,JNJ,JOHNSON & JOHNSON,63.98,64.36,63.61,63.63
6266,1,18-02-2010,JNJ,JOHNSON & JOHNSON,64.53,64.7,63.95,63.98
6266,1,19-02-2010,JNJ,JOHNSON & JOHNSON,63.81,64.46,63.62,64.15
6266,1,22-02-2010,JNJ,JOHNSON & JOHNSON,63.49,64.1,63.39,63.81
6266,1,23-02-2010,JNJ,JOHNSON & JOHNSON,63.31,63.85,63.23,63.56
6266,1,24-02-2010,JNJ,JOHNSON & JOHNSON,63.45,63.85,63.25,63.55
6266,1,25-02-2010,JNJ,JOHNSON & JOHNSON,63.28,63.35,62.52,62.79
6266,1,26-02-2010,JNJ,JOHNSON & JOHNSON,63,63.59,63,63.46
6266,1,01-03-2010,JNJ,JOHNSON & JOHNSON,63.39,63.46,63.17,63.27
6266,1,02-03-2010,JNJ,JOHNSON & JOHNSON,63.44,63.64,63.02,63.31
6266,1,03-03-2010,JNJ,JOHNSON & JOHNSON,63.4,63.75,63.22,63.59
6266,1,04-03-2010,JNJ,JOHNSON & JOHNSON,63.57,63.7,63.37,63.53
6266,1,05-03-2010,JNJ,JOHNSON & JOHNSON,64.04,64.07,63.55,63.66
6266,1,08-03-2010,JNJ,JOHNSON & JOHNSON,64.2,64.41,64.02,64.08
6266,1,09-03-2010,JNJ,JOHNSON & JOHNSON,64.27,64.55,64.09,64.55
6266,1,10-03-2010,JNJ,JOHNSON & JOHNSON,64.29,64.56,64.15,64.49
6266,1,11-03-2010,JNJ,JOHNSON & JOHNSON,64.22,64.22,63.6,64.15
6266,1,12-03-2010,JNJ,JOHNSON & JOHNSON,64.18,64.26,63.85,64.26
6266,1,15-03-2010,JNJ,JOHNSON & JOHNSON,64.57,64.57,64.07,64.14
6266,1,16-03-2010,JNJ,JOHNSON & JOHNSON,64.53,64.72,64.23,64.7
6266,1,17-03-2010,JNJ,JOHNSON & JOHNSON,64.65,64.74,64.48,64.72
6266,1,18-03-2010,JNJ,JOHNSON & JOHNSON,65.06,65.15,64.37,64.58
6266,1,19-03-2010,JNJ,JOHNSON & JOHNSON,65.11,65.49,64.81,65.25
6266,1,22-03-2010,JNJ,JOHNSON & JOHNSON,65.1,65.44,64.98,65.07
6266,1,23-03-2010,JNJ,JOHNSON & JOHNSON,65.36,65.39,64.87,65.18
6266,1,24-03-2010,JNJ,JOHNSON & JOHNSON,64.75,65.31,64.75,65.31
6266,1,25-03-2010,JNJ,JOHNSON & JOHNSON,64.57,65.25,64.53,65.04
6266,1,26-03-2010,JNJ,JOHNSON & JOHNSON,64.38,64.72,64.33,64.68
6266,1,29-03-2010,JNJ,JOHNSON & JOHNSON,64.82,64.935,64.4,64.46
6266,1,30-03-2010,JNJ,JOHNSON & JOHNSON,64.9,64.98,64.56,64.95
6266,1,31-03-2010,JNJ,JOHNSON & JOHNSON,65.2,65.31,64.7,64.84
6266,1,01-04-2010,JNJ,JOHNSON & JOHNSON,65.77,65.77,65.24,65.37
6266,1,05-04-2010,JNJ,JOHNSON & JOHNSON,65.4,65.89,65.38,65.77
6266,1,06-04-2010,JNJ,JOHNSON & JOHNSON,65.31,65.445,65,65.13
6266,1,07-04-2010,JNJ,JOHNSON & JOHNSON,65.22,65.49,65.08,65.24
6266,1,08-04-2010,JNJ,JOHNSON & JOHNSON,64.93,65.19,64.77,65.19
6266,1,09-04-2010,JNJ,JOHNSON & JOHNSON,65.14,65.17,64.78,64.88
6266,1,12-04-2010,JNJ,JOHNSON & JOHNSON,65.11,65.21,64.93,65.11
6266,1,13-04-2010,JNJ,JOHNSON & JOHNSON,65.68,65.85,64.91,65.06
6266,1,14-04-2010,JNJ,JOHNSON & JOHNSON,65.49,65.6,65.18,65.43
6266,1,15-04-2010,JNJ,JOHNSON & JOHNSON,65.51,65.54,65.13,65.29
6266,1,16-04-2010,JNJ,JOHNSON & JOHNSON,65.02,65.65,64.89,65.34
6266,1,19-04-2010,JNJ,JOHNSON & JOHNSON,66.03,66.1,65.06,65.06
6266,1,20-04-2010,JNJ,JOHNSON & JOHNSON,65.99,66.2,65.73,66.03
6266,1,21-04-2010,JNJ,JOHNSON & JOHNSON,65.39,65.98,65.07,65.98
6266,1,22-04-2010,JNJ,JOHNSON & JOHNSON,64.78,65.24,64.33,65.18
6266,1,23-04-2010,JNJ,JOHNSON & JOHNSON,65.04,65.04,64.33,64.71
6266,1,26-04-2010,JNJ,JOHNSON & JOHNSON,64.76,65.2,64.72,64.99
6266,1,27-04-2010,JNJ,JOHNSON & JOHNSON,64.28,64.88,64.21,64.57
6266,1,28-04-2010,JNJ,JOHNSON & JOHNSON,64.62,64.86,64.25,64.43
6266,1,29-04-2010,JNJ,JOHNSON & JOHNSON,65.01,65.34,64.85,64.85
6266,1,30-04-2010,JNJ,JOHNSON & JOHNSON,64.3,65.34,64.3,65.13
6266,1,03-05-2010,JNJ,JOHNSON & JOHNSON,65.33,65.62,64.545,65.16
6266,1,04-05-2010,JNJ,JOHNSON & JOHNSON,64.7,65.281,64.41,65.07
6266,1,05-05-2010,JNJ,JOHNSON & JOHNSON,65.14,65.29,64.44,64.58
6266,1,06-05-2010,JNJ,JOHNSON & JOHNSON,63.4,65.1,60.03,65.04
6266,1,07-05-2010,JNJ,JOHNSON & JOHNSON,63.31,63.6,62.09,63.26
6266,1,10-05-2010,JNJ,JOHNSON & JOHNSON,64.75,65.36,64,64.91
6266,1,11-05-2010,JNJ,JOHNSON & JOHNSON,64.67,65.09,64.18,64.23
6266,1,12-05-2010,JNJ,JOHNSON & JOHNSON,64.9,65.05,64.49,64.85
6266,1,13-05-2010,JNJ,JOHNSON & JOHNSON,64.67,65.16,64.51,64.84
6266,1,14-05-2010,JNJ,JOHNSON & JOHNSON,63.97,64.79,63.41,64.71
6266,1,17-05-2010,JNJ,JOHNSON & JOHNSON,63.88,64.24,63.2,64.06
6266,1,18-05-2010,JNJ,JOHNSON & JOHNSON,62.97,63.56,62.85,63.44
6266,1,19-05-2010,JNJ,JOHNSON & JOHNSON,62.22,62.959,62.05,62.69
6266,1,20-05-2010,JNJ,JOHNSON & JOHNSON,60.55,61.84,60.55,61.82
6266,1,21-05-2010,JNJ,JOHNSON & JOHNSON,60.88,60.9599,59.51,59.78
6266,1,24-05-2010,JNJ,JOHNSON & JOHNSON,60.57,61.45,60.21,60.62
6266,1,25-05-2010,JNJ,JOHNSON & JOHNSON,60.35,60.41,59.15,59.71
6266,1,26-05-2010,JNJ,JOHNSON & JOHNSON,59.66,60.83,59.65,60.83
6266,1,27-05-2010,JNJ,JOHNSON & JOHNSON,59.03,59.89,58.71,59.74
6266,1,28-05-2010,JNJ,JOHNSON & JOHNSON,58.3,59.12,58.19,58.72
6266,1,01-06-2010,JNJ,JOHNSON & JOHNSON,58.76,59.41,57.55,58.21
6266,1,02-06-2010,JNJ,JOHNSON & JOHNSON,59.73,59.73,58.69,59.07
6266,1,03-06-2010,JNJ,JOHNSON & JOHNSON,59.77,60.15,59.55,59.89
6266,1,04-06-2010,JNJ,JOHNSON & JOHNSON,58.01,59.0307,57.76,58.96
6266,1,07-06-2010,JNJ,JOHNSON & JOHNSON,58,58.55,58,58.17
6266,1,08-06-2010,JNJ,JOHNSON & JOHNSON,58.64,58.71,57.87,58.15
6266,1,09-06-2010,JNJ,JOHNSON & JOHNSON,58.17,58.94,57.94,58.8
6266,1,10-06-2010,JNJ,JOHNSON & JOHNSON,58.5,59.13,58.35,58.72
6266,1,11-06-2010,JNJ,JOHNSON & JOHNSON,58.46,58.48,57.935,58.17
6266,1,14-06-2010,JNJ,JOHNSON & JOHNSON,58.42,59.1,58.38,58.7
6266,1,15-06-2010,JNJ,JOHNSON & JOHNSON,59.14,59.16,58.55,58.93
6266,1,16-06-2010,JNJ,JOHNSON & JOHNSON,59.24,59.58,58.78,59.25
6266,1,17-06-2010,JNJ,JOHNSON & JOHNSON,59.18,59.44,58.65,59.28
6266,1,18-06-2010,JNJ,JOHNSON & JOHNSON,59.18,59.29,58.85,59.18
6266,1,21-06-2010,JNJ,JOHNSON & JOHNSON,59.13,59.8,58.92,59.5
6266,1,22-06-2010,JNJ,JOHNSON & JOHNSON,59.16,60.09,59.12,59.25
6266,1,23-06-2010,JNJ,JOHNSON & JOHNSON,59.24,59.42,58.71,59.16
6266,1,24-06-2010,JNJ,JOHNSON & JOHNSON,59.6,59.94,59.03,59.03
6266,1,25-06-2010,JNJ,JOHNSON & JOHNSON,58.7,59.87,58.63,59.86
6266,1,28-06-2010,JNJ,JOHNSON & JOHNSON,59.45,59.79,58.81,59.01
6266,1,29-06-2010,JNJ,JOHNSON & JOHNSON,59.24,59.42,58.68,58.98
6266,1,30-06-2010,JNJ,JOHNSON & JOHNSON,59.06,59.61,58.94,59.04
6266,1,01-07-2010,JNJ,JOHNSON & JOHNSON,59.07,59.25,58.65,59.07
6266,1,02-07-2010,JNJ,JOHNSON & JOHNSON,59.08,59.59,58.85,59.42
6266,1,06-07-2010,JNJ,JOHNSON & JOHNSON,59.08,59.6,58.669,59.5
6266,1,07-07-2010,JNJ,JOHNSON & JOHNSON,60.61,60.7,59.035,59.33
6266,1,08-07-2010,JNJ,JOHNSON & JOHNSON,61.38,61.73,60.64,60.93
6266,1,09-07-2010,JNJ,JOHNSON & JOHNSON,60.54,61.07,60.38,60.97
6266,1,12-07-2010,JNJ,JOHNSON & JOHNSON,60.21,60.54,60.06,60.48
6266,1,13-07-2010,JNJ,JOHNSON & JOHNSON,60.5,60.96,60.44,60.59
6266,1,14-07-2010,JNJ,JOHNSON & JOHNSON,60.62,60.6755,60.05,60.16
6266,1,15-07-2010,JNJ,JOHNSON & JOHNSON,60.26,60.75,59.9,60.62
6266,1,16-07-2010,JNJ,JOHNSON & JOHNSON,59.44,60.19,59.25,60
6266,1,19-07-2010,JNJ,JOHNSON & JOHNSON,59.57,59.79,59.365,59.72
6266,1,20-07-2010,JNJ,JOHNSON & JOHNSON,58.58,58.77,58,58.45
6266,1,21-07-2010,JNJ,JOHNSON & JOHNSON,57.12,58.8,56.87,58.8
6266,1,22-07-2010,JNJ,JOHNSON & JOHNSON,57.02,57.62,56.86,57.43
6266,1,23-07-2010,JNJ,JOHNSON & JOHNSON,57.63,57.64,57,57.28
6266,1,26-07-2010,JNJ,JOHNSON & JOHNSON,57.74,58.01,57.48,57.65
6266,1,27-07-2010,JNJ,JOHNSON & JOHNSON,58.1,58.44,57.62,57.95
6266,1,28-07-2010,JNJ,JOHNSON & JOHNSON,57.83,58.25,57.65,58.14
6266,1,29-07-2010,JNJ,JOHNSON & JOHNSON,57.83,58.27,57.71,58.1
6266,1,30-07-2010,JNJ,JOHNSON & JOHNSON,58.09,58.36,57.27,57.63
6266,1,02-08-2010,JNJ,JOHNSON & JOHNSON,58.72,58.88,58.41,58.5
6266,1,03-08-2010,JNJ,JOHNSON & JOHNSON,59.35,59.6,58.71,58.75
6266,1,04-08-2010,JNJ,JOHNSON & JOHNSON,59.74,59.93,59.23,59.37
6266,1,05-08-2010,JNJ,JOHNSON & JOHNSON,59.76,59.89,59.512,59.53
6266,1,06-08-2010,JNJ,JOHNSON & JOHNSON,59.96,60,59.25,59.52
6266,1,09-08-2010,JNJ,JOHNSON & JOHNSON,60.05,60.25,59.79,60
6266,1,10-08-2010,JNJ,JOHNSON & JOHNSON,59.43,59.81,58.9,59.41
6266,1,11-08-2010,JNJ,JOHNSON & JOHNSON,58.5,58.95,58.3,58.92
6266,1,12-08-2010,JNJ,JOHNSON & JOHNSON,58.52,58.71,58.1,58.15
6266,1,13-08-2010,JNJ,JOHNSON & JOHNSON,58.15,58.49,58.06,58.49
6266,1,16-08-2010,JNJ,JOHNSON & JOHNSON,58.01,58.11,57.47,57.99
6266,1,17-08-2010,JNJ,JOHNSON & JOHNSON,59.22,59.48,58.5,58.93
6266,1,18-08-2010,JNJ,JOHNSON & JOHNSON,59.35,59.82,59.03,59.46
6266,1,19-08-2010,JNJ,JOHNSON & JOHNSON,58.72,59.18,58.4,59.17
6266,1,20-08-2010,JNJ,JOHNSON & JOHNSON,58.74,58.91,58.49,58.7
6266,1,23-08-2010,JNJ,JOHNSON & JOHNSON,58.87,59.35,58.81,58.98
6266,1,24-08-2010,JNJ,JOHNSON & JOHNSON,58.01,58.69,57.8591,58.5
6266,1,25-08-2010,JNJ,JOHNSON & JOHNSON,57.98,58.2,57.84,58
6266,1,26-08-2010,JNJ,JOHNSON & JOHNSON,57.8,58.22,57.78,58.2
6266,1,27-08-2010,JNJ,JOHNSON & JOHNSON,57.6,57.88,56.99,57.45
6266,1,30-08-2010,JNJ,JOHNSON & JOHNSON,57.3,57.8,57.26,57.6
6266,1,31-08-2010,JNJ,JOHNSON & JOHNSON,57.02,57.44,57,57.25
6266,1,01-09-2010,JNJ,JOHNSON & JOHNSON,58.29,58.36,57.44,57.67
6266,1,02-09-2010,JNJ,JOHNSON & JOHNSON,58.61,58.79,58.3,58.52
6266,1,03-09-2010,JNJ,JOHNSON & JOHNSON,58.93,59,58.5,58.85
6266,1,07-09-2010,JNJ,JOHNSON & JOHNSON,58.7,58.97,58.63,58.8
6266,1,08-09-2010,JNJ,JOHNSON & JOHNSON,58.85,59.03,58.42,58.42
6266,1,09-09-2010,JNJ,JOHNSON & JOHNSON,59.82,60.0282,59.26,59.39
6266,1,10-09-2010,JNJ,JOHNSON & JOHNSON,59.98,60,59.77,59.94
6266,1,13-09-2010,JNJ,JOHNSON & JOHNSON,60.32,60.38,59.92,60.06
6266,1,14-09-2010,JNJ,JOHNSON & JOHNSON,60.58,60.97,60.25,60.43
6266,1,15-09-2010,JNJ,JOHNSON & JOHNSON,61.05,61.15,60.5,60.67
6266,1,16-09-2010,JNJ,JOHNSON & JOHNSON,61.29,61.39,60.76,60.82
6266,1,17-09-2010,JNJ,JOHNSON & JOHNSON,61.57,61.72,61.13,61.59
6266,1,20-09-2010,JNJ,JOHNSON & JOHNSON,62.09,62.23,61.51,61.65
6266,1,21-09-2010,JNJ,JOHNSON & JOHNSON,61.94,62.23,61.8,61.86
6266,1,22-09-2010,JNJ,JOHNSON & JOHNSON,61.97,62.5,61.9,61.98
6266,1,23-09-2010,JNJ,JOHNSON & JOHNSON,61.81,62,61.57,61.63
6266,1,24-09-2010,JNJ,JOHNSON & JOHNSON,62.14,62.4,61.83,61.98
6266,1,27-09-2010,JNJ,JOHNSON & JOHNSON,62.03,62.32,61.93,62.22
6266,1,28-09-2010,JNJ,JOHNSON & JOHNSON,62.43,62.6,61.69,61.96
6266,1,29-09-2010,JNJ,JOHNSON & JOHNSON,62.31,62.55,62.13,62.31
6266,1,30-09-2010,JNJ,JOHNSON & JOHNSON,61.96,62.7,61.55,62.49
6266,1,01-10-2010,JNJ,JOHNSON & JOHNSON,61.75,62.25,61.57,62.09
6266,1,04-10-2010,JNJ,JOHNSON & JOHNSON,61.67,61.98,61.3,61.54
6266,1,05-10-2010,JNJ,JOHNSON & JOHNSON,62.8,62.94,62.01,62.08
6266,1,06-10-2010,JNJ,JOHNSON & JOHNSON,63.21,63.26,62.5,62.89
6266,1,07-10-2010,JNJ,JOHNSON & JOHNSON,63.22,63.5,63,63.29
6266,1,08-10-2010,JNJ,JOHNSON & JOHNSON,63.23,63.39,63.03,63.38
6266,1,11-10-2010,JNJ,JOHNSON & JOHNSON,63.3,63.31,63.04,63.26
6266,1,12-10-2010,JNJ,JOHNSON & JOHNSON,63.29,63.44,62.97,63.13
6266,1,13-10-2010,JNJ,JOHNSON & JOHNSON,63.58,63.79,63.29,63.43
6266,1,14-10-2010,JNJ,JOHNSON & JOHNSON,63.74,63.8,63.39,63.79
6266,1,15-10-2010,JNJ,JOHNSON & JOHNSON,63.57,64,63.14,63.98
6266,1,18-10-2010,JNJ,JOHNSON & JOHNSON,63.86,63.98,63.25,63.69
6266,1,19-10-2010,JNJ,JOHNSON & JOHNSON,63.29,63.67,62.5,62.89
6266,1,20-10-2010,JNJ,JOHNSON & JOHNSON,63.6,64.03,63.06,63.32
6266,1,21-10-2010,JNJ,JOHNSON & JOHNSON,63.99,64.22,63.52,63.86
6266,1,22-10-2010,JNJ,JOHNSON & JOHNSON,63.81,64.12,63.64,64.08
6266,1,25-10-2010,JNJ,JOHNSON & JOHNSON,63.98,64.23,63.85,64.04
6266,1,26-10-2010,JNJ,JOHNSON & JOHNSON,63.84,63.95,63.61,63.85
6266,1,27-10-2010,JNJ,JOHNSON & JOHNSON,63.57,63.69,63.28,63.58
6266,1,28-10-2010,JNJ,JOHNSON & JOHNSON,63.56,64.11,63.51,63.94
6266,1,29-10-2010,JNJ,JOHNSON & JOHNSON,63.74,63.84,63.32,63.64
6266,1,01-11-2010,JNJ,JOHNSON & JOHNSON,63.69,64.09,63.31,63.88
6266,1,02-11-2010,JNJ,JOHNSON & JOHNSON,63.88,64.2,63.72,63.94
6266,1,03-11-2010,JNJ,JOHNSON & JOHNSON,64.19,64.2,63.55,63.99
6266,1,04-11-2010,JNJ,JOHNSON & JOHNSON,64.76,64.92,64.24,64.32
6266,1,05-11-2010,JNJ,JOHNSON & JOHNSON,64.65,64.84,64.1,64.75
6266,1,08-11-2010,JNJ,JOHNSON & JOHNSON,64.33,64.61,64.1,64.56
6266,1,09-11-2010,JNJ,JOHNSON & JOHNSON,64.31,64.5,64.1,64.47
6266,1,10-11-2010,JNJ,JOHNSON & JOHNSON,63.95,64.34,63.55,64.24
6266,1,11-11-2010,JNJ,JOHNSON & JOHNSON,63.92,63.95,63.58,63.7
6266,1,12-11-2010,JNJ,JOHNSON & JOHNSON,63.67,64.09,63.51,63.69
6266,1,15-11-2010,JNJ,JOHNSON & JOHNSON,64.14,64.69,63.98,64.11
6266,1,16-11-2010,JNJ,JOHNSON & JOHNSON,63.14,63.95,62.65,63.65
6266,1,17-11-2010,JNJ,JOHNSON & JOHNSON,63.06,63.29,62.92,63.13
6266,1,18-11-2010,JNJ,JOHNSON & JOHNSON,63.83,64,63.3,63.47
6266,1,19-11-2010,JNJ,JOHNSON & JOHNSON,63.83,64.22,63.65,63.89
6266,1,22-11-2010,JNJ,JOHNSON & JOHNSON,63.62,63.82,63.09,63.5
6266,1,23-11-2010,JNJ,JOHNSON & JOHNSON,62.87,63.25,62.65,62.99
6266,1,24-11-2010,JNJ,JOHNSON & JOHNSON,63.29,63.49,62.93,63.03
6266,1,26-11-2010,JNJ,JOHNSON & JOHNSON,62.43,62.57,62.14,62.5
6266,1,29-11-2010,JNJ,JOHNSON & JOHNSON,61.91,62.01,61.39,61.81
6266,1,30-11-2010,JNJ,JOHNSON & JOHNSON,61.55,61.8199,61.25,61.48
6266,1,01-12-2010,JNJ,JOHNSON & JOHNSON,62.42,62.48,61.82,62.18
6266,1,02-12-2010,JNJ,JOHNSON & JOHNSON,62.6,62.88,62.27,62.39
6266,1,03-12-2010,JNJ,JOHNSON & JOHNSON,62.56,62.77,62.23,62.51
6266,1,06-12-2010,JNJ,JOHNSON & JOHNSON,62.2,62.48,62.2,62.31
6266,1,07-12-2010,JNJ,JOHNSON & JOHNSON,62.31,62.74,62.25,62.56
6266,1,08-12-2010,JNJ,JOHNSON & JOHNSON,62.45,62.56,62.14,62.22
6266,1,09-12-2010,JNJ,JOHNSON & JOHNSON,62.06,62.96,61.75,62.43
6266,1,10-12-2010,JNJ,JOHNSON & JOHNSON,61.91,62.33,61.69,62.19
6266,1,13-12-2010,JNJ,JOHNSON & JOHNSON,61.86,61.97,61.56,61.83
6266,1,14-12-2010,JNJ,JOHNSON & JOHNSON,62.77,62.94,61.8901,62.03
6266,1,15-12-2010,JNJ,JOHNSON & JOHNSON,62.57,63.16,62.44,62.93
6266,1,16-12-2010,JNJ,JOHNSON & JOHNSON,62.4,62.79,62.04,62.75
6266,1,17-12-2010,JNJ,JOHNSON & JOHNSON,62.54,62.54,61.98,62.25
6266,1,20-12-2010,JNJ,JOHNSON & JOHNSON,62.49,62.65,62.23,62.54
6266,1,21-12-2010,JNJ,JOHNSON & JOHNSON,62.34,62.8,62.28,62.79
6266,1,22-12-2010,JNJ,JOHNSON & JOHNSON,62.02,62.4,61.92,62.33
6266,1,23-12-2010,JNJ,JOHNSON & JOHNSON,62.25,62.46,62.02,62.02
6266,1,27-12-2010,JNJ,JOHNSON & JOHNSON,61.93,62.24,61.82,62.19
6266,1,28-12-2010,JNJ,JOHNSON & JOHNSON,62.05,62.3,61.9,62.06
6266,1,29-12-2010,JNJ,JOHNSON & JOHNSON,62.13,62.44,62.1101,62.12
6266,1,30-12-2010,JNJ,JOHNSON & JOHNSON,61.94,62.19,61.9,62.1
6266,1,31-12-2010,JNJ,JOHNSON & JOHNSON,61.85,62.09,61.75,61.9
6266,1,03-01-2011,JNJ,JOHNSON & JOHNSON,62.82,63.18,62.53,62.63
6266,1,04-01-2011,JNJ,JOHNSON & JOHNSON,63.35,63.35,62.75,63.13
6266,1,05-01-2011,JNJ,JOHNSON & JOHNSON,63.31,63.54,62.95,63.41
6266,1,06-01-2011,JNJ,JOHNSON & JOHNSON,63.21,63.53,62.9,63.43
6266,1,07-01-2011,JNJ,JOHNSON & JOHNSON,62.6,63.25,62.56,63.2
6266,1,10-01-2011,JNJ,JOHNSON & JOHNSON,62.16,62.4,62,62.29
6266,1,11-01-2011,JNJ,JOHNSON & JOHNSON,62.27,62.35,62,62.22
6266,1,12-01-2011,JNJ,JOHNSON & JOHNSON,62.5,62.88,62.32,62.45
6266,1,13-01-2011,JNJ,JOHNSON & JOHNSON,62.91,62.98,62.35,62.56
6266,1,14-01-2011,JNJ,JOHNSON & JOHNSON,62.55,62.97,62.25,62.95
6266,1,18-01-2011,JNJ,JOHNSON & JOHNSON,62.1,62.59,62.01,62.219
6266,1,19-01-2011,JNJ,JOHNSON & JOHNSON,62.56,62.61,62.01,62.05
6266,1,20-01-2011,JNJ,JOHNSON & JOHNSON,62.86,63.1,62.54,62.73
6266,1,21-01-2011,JNJ,JOHNSON & JOHNSON,62.66,63.25,62.46,63.25
6266,1,24-01-2011,JNJ,JOHNSON & JOHNSON,62.22,62.72,62.16,62.56
6266,1,25-01-2011,JNJ,JOHNSON & JOHNSON,61.08,61.625,60.71,60.89
6266,1,26-01-2011,JNJ,JOHNSON & JOHNSON,60.6,61.25,60.6,61.18
6266,1,27-01-2011,JNJ,JOHNSON & JOHNSON,60.68,61.04,60.6,60.64
6266,1,28-01-2011,JNJ,JOHNSON & JOHNSON,60.01,61,60,60.91
6266,1,31-01-2011,JNJ,JOHNSON & JOHNSON,59.77,60.22,59.69,60.16
6266,1,01-02-2011,JNJ,JOHNSON & JOHNSON,60.63,60.74,59.7,59.7
6266,1,02-02-2011,JNJ,JOHNSON & JOHNSON,60.62,60.76,60.28,60.46
6266,1,03-02-2011,JNJ,JOHNSON & JOHNSON,60.8,60.97,60.59,60.66
6266,1,04-02-2011,JNJ,JOHNSON & JOHNSON,60.84,60.99,60.65,60.94
6266,1,07-02-2011,JNJ,JOHNSON & JOHNSON,60.87,60.99,60.65,60.88
6266,1,08-02-2011,JNJ,JOHNSON & JOHNSON,60.94,60.99,60.75,60.94
6266,1,09-02-2011,JNJ,JOHNSON & JOHNSON,60.88,60.94,60.64,60.93
6266,1,10-02-2011,JNJ,JOHNSON & JOHNSON,60.93,61.07,60.42,60.64
6266,1,11-02-2011,JNJ,JOHNSON & JOHNSON,60.7,61.17,60.51,60.74
6266,1,14-02-2011,JNJ,JOHNSON & JOHNSON,60.7,60.98,60.65,60.69
6266,1,15-02-2011,JNJ,JOHNSON & JOHNSON,60.62,60.7,60.48,60.6
6266,1,16-02-2011,JNJ,JOHNSON & JOHNSON,60.52,60.74,60.5,60.61
6266,1,17-02-2011,JNJ,JOHNSON & JOHNSON,60.79,60.93,60.33,60.37
6266,1,18-02-2011,JNJ,JOHNSON & JOHNSON,61.11,61.22,60.55,60.89
6266,1,22-02-2011,JNJ,JOHNSON & JOHNSON,60.65,60.99,60.45,60.68
6266,1,23-02-2011,JNJ,JOHNSON & JOHNSON,60.39,61.08,60.37,60.76
6266,1,24-02-2011,JNJ,JOHNSON & JOHNSON,60.25,60.5,60.03,60.47
6266,1,25-02-2011,JNJ,JOHNSON & JOHNSON,59.64,59.95,59.36,59.92
6266,1,28-02-2011,JNJ,JOHNSON & JOHNSON,61.44,61.45,59.77,59.93
6266,1,01-03-2011,JNJ,JOHNSON & JOHNSON,60.7,61.5,60.6,61.25
6266,1,02-03-2011,JNJ,JOHNSON & JOHNSON,60.81,60.93,60.36,60.5
6266,1,03-03-2011,JNJ,JOHNSON & JOHNSON,61.05,61.2,60.81,61.12
6266,1,04-03-2011,JNJ,JOHNSON & JOHNSON,61.06,61.29,60.34,61.29
6266,1,07-03-2011,JNJ,JOHNSON & JOHNSON,60.4,61.1,60.3,61.09
6266,1,08-03-2011,JNJ,JOHNSON & JOHNSON,60.71,60.99,60.34,60.48
6266,1,09-03-2011,JNJ,JOHNSON & JOHNSON,60.4,61.06,60.32,60.74
6266,1,10-03-2011,JNJ,JOHNSON & JOHNSON,59.61,60.3,59.4,60.14
6266,1,11-03-2011,JNJ,JOHNSON & JOHNSON,59.69,59.865,59.11,59.24
6266,1,14-03-2011,JNJ,JOHNSON & JOHNSON,59.13,59.49,58.92,59.49
6266,1,15-03-2011,JNJ,JOHNSON & JOHNSON,58.48,58.84,58.02,58.78
6266,1,16-03-2011,JNJ,JOHNSON & JOHNSON,57.66,58.57,57.5,58.57
6266,1,17-03-2011,JNJ,JOHNSON & JOHNSON,58.13,58.375,57.9,58.21
6266,1,18-03-2011,JNJ,JOHNSON & JOHNSON,58.57,58.69,58.1,58.56
6266,1,21-03-2011,JNJ,JOHNSON & JOHNSON,58.83,59.16,58.67,58.67
6266,1,22-03-2011,JNJ,JOHNSON & JOHNSON,58.79,59.15,58.7,58.8
6266,1,23-03-2011,JNJ,JOHNSON & JOHNSON,58.72,58.89,58.5,58.72
6266,1,24-03-2011,JNJ,JOHNSON & JOHNSON,59.03,59.08,58.73,58.98
6266,1,25-03-2011,JNJ,JOHNSON & JOHNSON,58.98,59.09,58.65,59.01
6266,1,28-03-2011,JNJ,JOHNSON & JOHNSON,59.24,59.3,58.98,58.98
6266,1,29-03-2011,JNJ,JOHNSON & JOHNSON,59.22,59.31,58.93,58.98
6266,1,30-03-2011,JNJ,JOHNSON & JOHNSON,59.38,59.73,59.24,59.34
6266,1,31-03-2011,JNJ,JOHNSON & JOHNSON,59.25,59.7,59.21,59.21
6266,1,01-04-2011,JNJ,JOHNSON & JOHNSON,59.49,59.64,59.06,59.63
6266,1,04-04-2011,JNJ,JOHNSON & JOHNSON,60.15,60.18,59.46,59.5
6266,1,05-04-2011,JNJ,JOHNSON & JOHNSON,59.8,59.96,59.48,59.75
6266,1,06-04-2011,JNJ,JOHNSON & JOHNSON,59.66,59.9,59.6,59.7
6266,1,07-04-2011,JNJ,JOHNSON & JOHNSON,59.48,59.76,59.25,59.72
6266,1,08-04-2011,JNJ,JOHNSON & JOHNSON,59.46,59.78,59.31,59.73
6266,1,11-04-2011,JNJ,JOHNSON & JOHNSON,59.86,60.17,59.5,59.54
6266,1,12-04-2011,JNJ,JOHNSON & JOHNSON,59.94,60.08,59.66,59.66
6266,1,13-04-2011,JNJ,JOHNSON & JOHNSON,59.6,59.95,59.5143,59.66
6266,1,14-04-2011,JNJ,JOHNSON & JOHNSON,60.02,60.12,59.49,59.55
6266,1,15-04-2011,JNJ,JOHNSON & JOHNSON,60.56,60.95,59.98,60.24
6266,1,18-04-2011,JNJ,JOHNSON & JOHNSON,60.46,61.19,60.1,60.45
6266,1,19-04-2011,JNJ,JOHNSON & JOHNSON,62.69,62.87,61.8,62
6266,1,20-04-2011,JNJ,JOHNSON & JOHNSON,64.39,64.54,63.18,63.21
6266,1,21-04-2011,JNJ,JOHNSON & JOHNSON,64.07,64.3,63.77,63.81
6266,1,25-04-2011,JNJ,JOHNSON & JOHNSON,64.11,64.2,63.51,63.65
6266,1,26-04-2011,JNJ,JOHNSON & JOHNSON,64.95,65.3,64.07,64.07
6266,1,27-04-2011,JNJ,JOHNSON & JOHNSON,65.57,65.6,63.4,63.45
6266,1,28-04-2011,JNJ,JOHNSON & JOHNSON,65.38,65.74,64.93,65.39
6266,1,29-04-2011,JNJ,JOHNSON & JOHNSON,65.72,65.975,65.4,65.59
6266,1,02-05-2011,JNJ,JOHNSON & JOHNSON,66.21,66.31,65.81,65.92
6266,1,03-05-2011,JNJ,JOHNSON & JOHNSON,66.26,66.46,66.01,66.11
6266,1,04-05-2011,JNJ,JOHNSON & JOHNSON,65.67,66.32,65.37,66
6266,1,05-05-2011,JNJ,JOHNSON & JOHNSON,65.01,65.61,64.8,65.45
6266,1,06-05-2011,JNJ,JOHNSON & JOHNSON,65.27,65.5,65.12,65.25
6266,1,09-05-2011,JNJ,JOHNSON & JOHNSON,65.63,65.76,65.07,65.11
6266,1,10-05-2011,JNJ,JOHNSON & JOHNSON,65.76,65.8,65.28,65.61
6266,1,11-05-2011,JNJ,JOHNSON & JOHNSON,66.57,66.74,65.81,66.32
6266,1,12-05-2011,JNJ,JOHNSON & JOHNSON,67.19,67.37,65.8199,66.04
6266,1,13-05-2011,JNJ,JOHNSON & JOHNSON,66.62,67.25,65.95,67.09
6266,1,16-05-2011,JNJ,JOHNSON & JOHNSON,66.37,66.79,66.19,66.41
6266,1,17-05-2011,JNJ,JOHNSON & JOHNSON,66.4,66.48,65.855,66.23
6266,1,18-05-2011,JNJ,JOHNSON & JOHNSON,66.5,66.51,65.94,66.17
6266,1,19-05-2011,JNJ,JOHNSON & JOHNSON,66.39,66.53,65.85,66.53
6266,1,20-05-2011,JNJ,JOHNSON & JOHNSON,65.69,66.33,65.28,66.25
6266,1,23-05-2011,JNJ,JOHNSON & JOHNSON,65.56,65.69,65.08,65.19
6266,1,24-05-2011,JNJ,JOHNSON & JOHNSON,65.78,66.23,65.5,65.74
6266,1,25-05-2011,JNJ,JOHNSON & JOHNSON,66.29,66.59,66.07,66.29
6266,1,26-05-2011,JNJ,JOHNSON & JOHNSON,65.51,65.78,65.28,65.59
6266,1,27-05-2011,JNJ,JOHNSON & JOHNSON,66.77,66.97,65.6,65.79
6266,1,31-05-2011,JNJ,JOHNSON & JOHNSON,67.29,67.34,66.99,67.31
6266,1,01-06-2011,JNJ,JOHNSON & JOHNSON,66.48,67.29,66.46,67.02
6266,1,02-06-2011,JNJ,JOHNSON & JOHNSON,66.48,66.76,66.28,66.44
6266,1,03-06-2011,JNJ,JOHNSON & JOHNSON,66.09,66.36,65.8,65.84
6266,1,06-06-2011,JNJ,JOHNSON & JOHNSON,66.05,66.22,65.84,65.87
6266,1,07-06-2011,JNJ,JOHNSON & JOHNSON,65.5,66.28,65.5,66
6266,1,08-06-2011,JNJ,JOHNSON & JOHNSON,66.14,66.23,65.18,65.49
6266,1,09-06-2011,JNJ,JOHNSON & JOHNSON,66.78,67.28,66.17,66.33
6266,1,10-06-2011,JNJ,JOHNSON & JOHNSON,66.09,66.68,66.09,66.49
6266,1,13-06-2011,JNJ,JOHNSON & JOHNSON,66.59,66.965,66.26,66.32
6266,1,14-06-2011,JNJ,JOHNSON & JOHNSON,67.1,67.36,66.75,66.95
6266,1,15-06-2011,JNJ,JOHNSON & JOHNSON,66.16,67,65.71,67
6266,1,16-06-2011,JNJ,JOHNSON & JOHNSON,66.32,66.35,65.47,65.7
6266,1,17-06-2011,JNJ,JOHNSON & JOHNSON,66.29,66.95,66.19,66.63
6266,1,20-06-2011,JNJ,JOHNSON & JOHNSON,66.51,66.74,66.07,66.08
6266,1,21-06-2011,JNJ,JOHNSON & JOHNSON,66.49,66.75,66.16,66.52
6266,1,22-06-2011,JNJ,JOHNSON & JOHNSON,66.07,66.62,66.05,66.47
6266,1,23-06-2011,JNJ,JOHNSON & JOHNSON,65.67,65.74,64.69,65.54
6266,1,24-06-2011,JNJ,JOHNSON & JOHNSON,65.06,65.61,64.83,65.57
6266,1,27-06-2011,JNJ,JOHNSON & JOHNSON,65.25,65.615,65,65.29
6266,1,28-06-2011,JNJ,JOHNSON & JOHNSON,65.91,66.12,65.38,65.59
6266,1,29-06-2011,JNJ,JOHNSON & JOHNSON,66.31,66.59,65.93,66.23
6266,1,30-06-2011,JNJ,JOHNSON & JOHNSON,66.52,66.91,66.25,66.42
6266,1,01-07-2011,JNJ,JOHNSON & JOHNSON,67.3,67.36,66.27,66.48
6266,1,05-07-2011,JNJ,JOHNSON & JOHNSON,67.62,67.67,67.25,67.29
6266,1,06-07-2011,JNJ,JOHNSON & JOHNSON,67.55,67.75,67.37,67.63
6266,1,07-07-2011,JNJ,JOHNSON & JOHNSON,67.92,68.05,67.4,67.82
6266,1,08-07-2011,JNJ,JOHNSON & JOHNSON,67.57,67.99,67.19,67.81
6266,1,11-07-2011,JNJ,JOHNSON & JOHNSON,67.27,67.41,66.83,66.88
6266,1,12-07-2011,JNJ,JOHNSON & JOHNSON,67.03,67.68,66.83,66.9
6266,1,13-07-2011,JNJ,JOHNSON & JOHNSON,67.63,67.98,67.21,67.39
6266,1,14-07-2011,JNJ,JOHNSON & JOHNSON,67.66,67.93,67.47,67.6
6266,1,15-07-2011,JNJ,JOHNSON & JOHNSON,67.45,67.95,66.99,67.73
6266,1,18-07-2011,JNJ,JOHNSON & JOHNSON,67.09,67.35,66.55,67.17
6266,1,19-07-2011,JNJ,JOHNSON & JOHNSON,66.72,67.22,66.15,67.1
6266,1,20-07-2011,JNJ,JOHNSON & JOHNSON,66.24,66.9,66.06,66.57
6266,1,21-07-2011,JNJ,JOHNSON & JOHNSON,66.47,66.795,66.13,66.45
6266,1,22-07-2011,JNJ,JOHNSON & JOHNSON,66.72,66.79,66.49,66.69
6266,1,25-07-2011,JNJ,JOHNSON & JOHNSON,66.25,66.43,66.01,66.21
6266,1,26-07-2011,JNJ,JOHNSON & JOHNSON,65.92,66.32,65.87,66.17
6266,1,27-07-2011,JNJ,JOHNSON & JOHNSON,65.23,65.87,65.14,65.76
6266,1,28-07-2011,JNJ,JOHNSON & JOHNSON,65.08,65.62,64.78,65.23
6266,1,29-07-2011,JNJ,JOHNSON & JOHNSON,64.79,64.9293,64.13,64.74
6266,1,01-08-2011,JNJ,JOHNSON & JOHNSON,64.41,65.33,63.66,65.28
6266,1,02-08-2011,JNJ,JOHNSON & JOHNSON,63.43,64.35,63.43,64.11
6266,1,03-08-2011,JNJ,JOHNSON & JOHNSON,63.41,63.53,61.862,63.37
6266,1,04-08-2011,JNJ,JOHNSON & JOHNSON,61.84,63.16,61.805,62.61
6266,1,05-08-2011,JNJ,JOHNSON & JOHNSON,62.71,63.43,61.05,62.12
6266,1,08-08-2011,JNJ,JOHNSON & JOHNSON,61.12,62.58,61.05,61.8
6266,1,09-08-2011,JNJ,JOHNSON & JOHNSON,62.2,62.37,59.08,61.71
6266,1,10-08-2011,JNJ,JOHNSON & JOHNSON,60.2,61.96,60.01,61.62
6266,1,11-08-2011,JNJ,JOHNSON & JOHNSON,63.44,64.19,60.13,60.18
6266,1,12-08-2011,JNJ,JOHNSON & JOHNSON,63.36,63.99,62.9,63.61
6266,1,15-08-2011,JNJ,JOHNSON & JOHNSON,64.59,64.62,63.61,63.85
6266,1,16-08-2011,JNJ,JOHNSON & JOHNSON,64.36,64.71,63.685,63.77
6266,1,17-08-2011,JNJ,JOHNSON & JOHNSON,64.26,64.85,63.8,64.56
6266,1,18-08-2011,JNJ,JOHNSON & JOHNSON,63.16,63.58,62.02,63.19
6266,1,19-08-2011,JNJ,JOHNSON & JOHNSON,63.14,63.78,62.74,62.91
6266,1,22-08-2011,JNJ,JOHNSON & JOHNSON,63.29,64.1,63.01,63.99
6266,1,23-08-2011,JNJ,JOHNSON & JOHNSON,64.97,64.99,63.42,63.52
6266,1,24-08-2011,JNJ,JOHNSON & JOHNSON,65.53,65.7,64.84,65.38
6266,1,25-08-2011,JNJ,JOHNSON & JOHNSON,64.55,65.49,64.2,65.49
6266,1,26-08-2011,JNJ,JOHNSON & JOHNSON,64.28,64.57,62.5007,63.55
6266,1,29-08-2011,JNJ,JOHNSON & JOHNSON,65.86,65.92,64.56,64.64
6266,1,30-08-2011,JNJ,JOHNSON & JOHNSON,65.77,66.04,65.19,65.82
6266,1,31-08-2011,JNJ,JOHNSON & JOHNSON,65.8,66.23,65.34,66.03
6266,1,01-09-2011,JNJ,JOHNSON & JOHNSON,65.33,66.14,65.11,65.66
6266,1,02-09-2011,JNJ,JOHNSON & JOHNSON,64.07,65,63.91,64.83
6266,1,06-09-2011,JNJ,JOHNSON & JOHNSON,64.64,64.75,62.5,63.17
6266,1,07-09-2011,JNJ,JOHNSON & JOHNSON,65.43,65.45,64.69,65.04
6266,1,08-09-2011,JNJ,JOHNSON & JOHNSON,64.95,65.93,64.84,64.96
6266,1,09-09-2011,JNJ,JOHNSON & JOHNSON,63.64,64.41,63.29,64.39
6266,1,12-09-2011,JNJ,JOHNSON & JOHNSON,63.59,63.61,62.3,63.1
6266,1,13-09-2011,JNJ,JOHNSON & JOHNSON,63.61,64.05,63.18,63.99
6266,1,14-09-2011,JNJ,JOHNSON & JOHNSON,63.73,64.47,62.98,63.95
6266,1,15-09-2011,JNJ,JOHNSON & JOHNSON,64.4,64.63,63.92,64.28
6266,1,16-09-2011,JNJ,JOHNSON & JOHNSON,64.59,64.74,63.96,64.52
6266,1,19-09-2011,JNJ,JOHNSON & JOHNSON,64.14,64.39,63.63,64.05
6266,1,20-09-2011,JNJ,JOHNSON & JOHNSON,64.22,64.85,63.79,64.42
6266,1,21-09-2011,JNJ,JOHNSON & JOHNSON,63.13,64.6,63.1,64.19
6266,1,22-09-2011,JNJ,JOHNSON & JOHNSON,61.92,62.6,61.14,62.16
6266,1,23-09-2011,JNJ,JOHNSON & JOHNSON,61.59,61.9,61,61.3
6266,1,26-09-2011,JNJ,JOHNSON & JOHNSON,62.69,62.85,62.01,62.05
6266,1,27-09-2011,JNJ,JOHNSON & JOHNSON,63.82,64.35,62.71,63.37
6266,1,28-09-2011,JNJ,JOHNSON & JOHNSON,63.25,64.45,63.14,63.9
6266,1,29-09-2011,JNJ,JOHNSON & JOHNSON,63.9,64.24,63.02,63.92
6266,1,30-09-2011,JNJ,JOHNSON & JOHNSON,63.69,64.74,63.15,63.22
6266,1,03-10-2011,JNJ,JOHNSON & JOHNSON,62.08,64.21,62.05,63.65
6266,1,04-10-2011,JNJ,JOHNSON & JOHNSON,62.17,62.33,60.83,61.55
6266,1,05-10-2011,JNJ,JOHNSON & JOHNSON,62.35,62.51,61.6,62.21
6266,1,06-10-2011,JNJ,JOHNSON & JOHNSON,62.81,62.83,62.1,62.52
6266,1,07-10-2011,JNJ,JOHNSON & JOHNSON,63.13,63.72,63,63.01
6266,1,10-10-2011,JNJ,JOHNSON & JOHNSON,64.43,64.43,63.64,63.89
6266,1,11-10-2011,JNJ,JOHNSON & JOHNSON,63.96,64.36,63.85,64.26
6266,1,12-10-2011,JNJ,JOHNSON & JOHNSON,64.33,64.69,63.87,64.13
6266,1,13-10-2011,JNJ,JOHNSON & JOHNSON,64.23,64.45,63.57,64.45
6266,1,14-10-2011,JNJ,JOHNSON & JOHNSON,64.72,64.74,64.17,64.69
6266,1,17-10-2011,JNJ,JOHNSON & JOHNSON,63.79,64.84,63.62,64.4
6266,1,18-10-2011,JNJ,JOHNSON & JOHNSON,64.42,64.74,63.4,63.76
6266,1,19-10-2011,JNJ,JOHNSON & JOHNSON,62.64,64.51,62.16,64.51
6266,1,20-10-2011,JNJ,JOHNSON & JOHNSON,62.53,63.13,62.31,62.96
6266,1,21-10-2011,JNJ,JOHNSON & JOHNSON,63.78,63.84,62.89,63.11
6266,1,24-10-2011,JNJ,JOHNSON & JOHNSON,64.73,64.79,63.6,63.9
6266,1,25-10-2011,JNJ,JOHNSON & JOHNSON,63.69,64.83,63.56,64.56
6266,1,26-10-2011,JNJ,JOHNSON & JOHNSON,64.49,64.6,63.79,64.19
6266,1,27-10-2011,JNJ,JOHNSON & JOHNSON,65.5,65.69,64.71,64.99
6266,1,28-10-2011,JNJ,JOHNSON & JOHNSON,65.6,65.845,65.01,65.64
6266,1,31-10-2011,JNJ,JOHNSON & JOHNSON,64.39,65.86,64.38,65.17
6266,1,01-11-2011,JNJ,JOHNSON & JOHNSON,63.38,64.1025,63.18,63.68
6266,1,02-11-2011,JNJ,JOHNSON & JOHNSON,63.64,64.39,63.41,64.39
6266,1,03-11-2011,JNJ,JOHNSON & JOHNSON,64.34,64.52,63.67,64.07
6266,1,04-11-2011,JNJ,JOHNSON & JOHNSON,64.12,64.54,63.4101,64
6266,1,07-11-2011,JNJ,JOHNSON & JOHNSON,64,64.34,63.25,63.96
6266,1,08-11-2011,JNJ,JOHNSON & JOHNSON,64.86,64.99,63.95,64.09
6266,1,09-11-2011,JNJ,JOHNSON & JOHNSON,63.53,64.13,63.1,64.07
6266,1,10-11-2011,JNJ,JOHNSON & JOHNSON,64.12,64.42,63.66,64.13
6266,1,11-11-2011,JNJ,JOHNSON & JOHNSON,65.25,65.49,64.62,64.62
6266,1,14-11-2011,JNJ,JOHNSON & JOHNSON,64.91,65.33,64.655,64.97
6266,1,15-11-2011,JNJ,JOHNSON & JOHNSON,64.99,65.29,64.51,64.97
6266,1,16-11-2011,JNJ,JOHNSON & JOHNSON,64.4,65.16,64.3,64.53
6266,1,17-11-2011,JNJ,JOHNSON & JOHNSON,63.94,64.51,63.3,64.17
6266,1,18-11-2011,JNJ,JOHNSON & JOHNSON,63.85,64.2,63.56,64.19
6266,1,21-11-2011,JNJ,JOHNSON & JOHNSON,62.94,63.34,62.88,63.27
6266,1,22-11-2011,JNJ,JOHNSON & JOHNSON,62.9,63.2,62.7,62.95
6266,1,23-11-2011,JNJ,JOHNSON & JOHNSON,61.99,62.65,61.99,62.59
6266,1,25-11-2011,JNJ,JOHNSON & JOHNSON,61.27,61.64,61.05,61.31
6266,1,28-11-2011,JNJ,JOHNSON & JOHNSON,62.37,62.71,61.78,61.88
6266,1,29-11-2011,JNJ,JOHNSON & JOHNSON,62.78,63.13,62.46,62.82
6266,1,30-11-2011,JNJ,JOHNSON & JOHNSON,64.72,64.74,63.8,63.92
6266,1,01-12-2011,JNJ,JOHNSON & JOHNSON,64.45,64.95,64.345,64.68
6266,1,02-12-2011,JNJ,JOHNSON & JOHNSON,63.47,64.89,63.3,64.87
6266,1,05-12-2011,JNJ,JOHNSON & JOHNSON,63.36,64.25,62.85,64.1
6266,1,06-12-2011,JNJ,JOHNSON & JOHNSON,63.49,63.93,63.26,63.61
6266,1,07-12-2011,JNJ,JOHNSON & JOHNSON,64.45,64.81,63.37,63.57
6266,1,08-12-2011,JNJ,JOHNSON & JOHNSON,63.78,64.45,63.56,64.14
6266,1,09-12-2011,JNJ,JOHNSON & JOHNSON,64.53,64.68,63.98,64.32
6266,1,12-12-2011,JNJ,JOHNSON & JOHNSON,63.51,64.2,63.35,63.87
6266,1,13-12-2011,JNJ,JOHNSON & JOHNSON,63.36,64.08,63.14,64.08
6266,1,14-12-2011,JNJ,JOHNSON & JOHNSON,63.18,63.78,62.93,63.38
6266,1,15-12-2011,JNJ,JOHNSON & JOHNSON,64,64.1,63.57,63.65
6266,1,16-12-2011,JNJ,JOHNSON & JOHNSON,64.3,64.37,63.55,64.36
6266,1,19-12-2011,JNJ,JOHNSON & JOHNSON,63.53,64.28,63.36,64.18
6266,1,20-12-2011,JNJ,JOHNSON & JOHNSON,64.52,64.73,64.01,64.02
6266,1,21-12-2011,JNJ,JOHNSON & JOHNSON,64.96,65,64.58,64.81
6266,1,22-12-2011,JNJ,JOHNSON & JOHNSON,65.18,65.26,64.62,65.06
6266,1,23-12-2011,JNJ,JOHNSON & JOHNSON,65.98,66,65.18,65.23
6266,1,27-12-2011,JNJ,JOHNSON & JOHNSON,66.02,66.315,65.9,65.99
6266,1,28-12-2011,JNJ,JOHNSON & JOHNSON,65.45,66.03,65.3,65.97
6266,1,29-12-2011,JNJ,JOHNSON & JOHNSON,65.88,66.03,65.25,65.31
6266,1,30-12-2011,JNJ,JOHNSON & JOHNSON,65.58,65.93,65.53,65.59
6266,1,03-01-2012,JNJ,JOHNSON & JOHNSON,65.88,66,65.25,65.59
6266,1,04-01-2012,JNJ,JOHNSON & JOHNSON,65.48,65.88,65.11,65.75
6266,1,05-01-2012,JNJ,JOHNSON & JOHNSON,65.4,65.595,64.83,65.32
6266,1,06-01-2012,JNJ,JOHNSON & JOHNSON,64.83,65.46,64.61,65.44
6266,1,09-01-2012,JNJ,JOHNSON & JOHNSON,64.93,65.09,64.41,64.96
6266,1,10-01-2012,JNJ,JOHNSON & JOHNSON,65.2,65.4,65,65.11
6266,1,11-01-2012,JNJ,JOHNSON & JOHNSON,65.13,65.54,64.84,65.11
6266,1,12-01-2012,JNJ,JOHNSON & JOHNSON,65.23,65.41,64.93,65.28
6266,1,13-01-2012,JNJ,JOHNSON & JOHNSON,65.26,65.28,64.3631,64.97
6266,1,17-01-2012,JNJ,JOHNSON & JOHNSON,65.12,65.69,64.5,65.54
6266,1,18-01-2012,JNJ,JOHNSON & JOHNSON,65.28,65.37,65,65.26
6266,1,19-01-2012,JNJ,JOHNSON & JOHNSON,65.19,65.25,64.79,65.16
6266,1,20-01-2012,JNJ,JOHNSON & JOHNSON,65.27,65.55,64.54,65.28
6266,1,23-01-2012,JNJ,JOHNSON & JOHNSON,65,65.33,64.88,65.23
6266,1,24-01-2012,JNJ,JOHNSON & JOHNSON,65,65.45,64.34,64.34
6266,1,25-01-2012,JNJ,JOHNSON & JOHNSON,65.22,65.3,64.76,64.83
6266,1,26-01-2012,JNJ,JOHNSON & JOHNSON,65.7,65.88,65.22,65.53
6266,1,27-01-2012,JNJ,JOHNSON & JOHNSON,65.56,65.87,65.46,65.62
6266,1,30-01-2012,JNJ,JOHNSON & JOHNSON,65.71,65.71,65.13,65.33
6266,1,31-01-2012,JNJ,JOHNSON & JOHNSON,65.91,65.95,65.56,65.86
6266,1,01-02-2012,JNJ,JOHNSON & JOHNSON,65.69,66.32,65.65,65.97
6266,1,02-02-2012,JNJ,JOHNSON & JOHNSON,65.59,65.97,65.35,65.94
6266,1,03-02-2012,JNJ,JOHNSON & JOHNSON,65.64,66.02,65.53,65.9
6266,1,06-02-2012,JNJ,JOHNSON & JOHNSON,65.19,65.58,65.05,65.46
6266,1,07-02-2012,JNJ,JOHNSON & JOHNSON,65.26,65.39,65.02,65.16
6266,1,08-02-2012,JNJ,JOHNSON & JOHNSON,65.24,65.345,65.09,65.2
6266,1,09-02-2012,JNJ,JOHNSON & JOHNSON,64.89,65.35,64.82,65.16
6266,1,10-02-2012,JNJ,JOHNSON & JOHNSON,64.6,64.77,64.25,64.71
6266,1,13-02-2012,JNJ,JOHNSON & JOHNSON,64.68,64.95,64.6,64.9
6266,1,14-02-2012,JNJ,JOHNSON & JOHNSON,64.61,64.86,64.33,64.75
6266,1,15-02-2012,JNJ,JOHNSON & JOHNSON,64.65,64.95,64.4701,64.51
6266,1,16-02-2012,JNJ,JOHNSON & JOHNSON,64.92,65.16,64.44,64.6
6266,1,17-02-2012,JNJ,JOHNSON & JOHNSON,64.99,65.28,64.81,65.22
6266,1,21-02-2012,JNJ,JOHNSON & JOHNSON,65.04,65.24,64.75,65.23
6266,1,22-02-2012,JNJ,JOHNSON & JOHNSON,65,65.34,64.87,65.08
6266,1,23-02-2012,JNJ,JOHNSON & JOHNSON,65.1,66.05,64.9,65.19
6266,1,24-02-2012,JNJ,JOHNSON & JOHNSON,64.46,64.79,64.19,64.79
6266,1,27-02-2012,JNJ,JOHNSON & JOHNSON,64.45,64.64,64.02,64.26
6266,1,28-02-2012,JNJ,JOHNSON & JOHNSON,65.18,65.42,64.5,64.6
6266,1,29-02-2012,JNJ,JOHNSON & JOHNSON,65.08,65.26,64.71,65.22
6266,1,01-03-2012,JNJ,JOHNSON & JOHNSON,64.83,65.26,64.64,65.11
6266,1,02-03-2012,JNJ,JOHNSON & JOHNSON,64.77,64.87,64.565,64.74
6266,1,05-03-2012,JNJ,JOHNSON & JOHNSON,64.91,64.96,64.54,64.69
6266,1,06-03-2012,JNJ,JOHNSON & JOHNSON,64.35,64.73,64.19,64.46
6266,1,07-03-2012,JNJ,JOHNSON & JOHNSON,64.3,64.46,64.12,64.27
6266,1,08-03-2012,JNJ,JOHNSON & JOHNSON,64.85,65.08,64.74,64.95
6266,1,09-03-2012,JNJ,JOHNSON & JOHNSON,64.74,64.995,64.59,64.83
6266,1,12-03-2012,JNJ,JOHNSON & JOHNSON,65.1,65.15,64.54,64.55
6266,1,13-03-2012,JNJ,JOHNSON & JOHNSON,65.33,65.44,65.03,65.42
6266,1,14-03-2012,JNJ,JOHNSON & JOHNSON,65.08,65.38,65.02,65.21
6266,1,15-03-2012,JNJ,JOHNSON & JOHNSON,65.07,65.38,64.85,64.93
6266,1,16-03-2012,JNJ,JOHNSON & JOHNSON,65.12,65.46,64.81,65.2
6266,1,19-03-2012,JNJ,JOHNSON & JOHNSON,65.21,65.27,64.9,64.95
6266,1,20-03-2012,JNJ,JOHNSON & JOHNSON,64.96,65.13,64.76,65
6266,1,21-03-2012,JNJ,JOHNSON & JOHNSON,64.76,65.07,64.64,64.96
6266,1,22-03-2012,JNJ,JOHNSON & JOHNSON,64.46,64.69,64.4,64.675
6266,1,23-03-2012,JNJ,JOHNSON & JOHNSON,64.55,64.71,64.37,64.49
6266,1,26-03-2012,JNJ,JOHNSON & JOHNSON,65.17,65.26,64.83,64.89
6266,1,27-03-2012,JNJ,JOHNSON & JOHNSON,65.4,65.5,65.22,65.33
6266,1,28-03-2012,JNJ,JOHNSON & JOHNSON,65.62,65.62,65.18,65.4
6266,1,29-03-2012,JNJ,JOHNSON & JOHNSON,65.54,65.54,65.2,65.28
6266,1,30-03-2012,JNJ,JOHNSON & JOHNSON,65.96,66.18,65.58,65.63
6266,1,02-04-2012,JNJ,JOHNSON & JOHNSON,66.21,66.3,65.82,66.04
6266,1,03-04-2012,JNJ,JOHNSON & JOHNSON,65.88,66.155,65.5,66.12
6266,1,04-04-2012,JNJ,JOHNSON & JOHNSON,65.39,65.7,65.355,65.61
6266,1,05-04-2012,JNJ,JOHNSON & JOHNSON,65.34,65.38,65.09,65.26
6266,1,09-04-2012,JNJ,JOHNSON & JOHNSON,64.92,65.23,64.88,64.95
6266,1,10-04-2012,JNJ,JOHNSON & JOHNSON,64.2,64.86,64.16,64.81
6266,1,11-04-2012,JNJ,JOHNSON & JOHNSON,64.13,64.69,63.96,64.69
6266,1,12-04-2012,JNJ,JOHNSON & JOHNSON,64.15,64.15,63.68,64.05
6266,1,13-04-2012,JNJ,JOHNSON & JOHNSON,63.54,64,63.52,63.94
6266,1,16-04-2012,JNJ,JOHNSON & JOHNSON,63.98,64.16,63.67,63.72
6266,1,17-04-2012,JNJ,JOHNSON & JOHNSON,64.22,64.28,63.27,64.23
6266,1,18-04-2012,JNJ,JOHNSON & JOHNSON,63.26,63.92,63.12,63.9
6266,1,19-04-2012,JNJ,JOHNSON & JOHNSON,63.03,63.535,62.76,63.22
6266,1,20-04-2012,JNJ,JOHNSON & JOHNSON,63.71,63.97,63.2,63.22
6266,1,23-04-2012,JNJ,JOHNSON & JOHNSON,63.37,63.69,63.3,63.5
6266,1,24-04-2012,JNJ,JOHNSON & JOHNSON,63.77,63.79,63.36,63.55
6266,1,25-04-2012,JNJ,JOHNSON & JOHNSON,64.43,64.58,63.84,63.96
6266,1,26-04-2012,JNJ,JOHNSON & JOHNSON,64.75,64.97,64.26,64.41
6266,1,27-04-2012,JNJ,JOHNSON & JOHNSON,64.84,65.13,64.68,64.95
6266,1,30-04-2012,JNJ,JOHNSON & JOHNSON,65.1,65.39,64.84,64.85
6266,1,01-05-2012,JNJ,JOHNSON & JOHNSON,65.22,65.36,64.8,64.91
6266,1,02-05-2012,JNJ,JOHNSON & JOHNSON,65.33,65.33,64.84,65.17
6266,1,03-05-2012,JNJ,JOHNSON & JOHNSON,65.34,65.485,65.1,65.4
6266,1,04-05-2012,JNJ,JOHNSON & JOHNSON,64.74,65.29,64.74,65.19
6266,1,07-05-2012,JNJ,JOHNSON & JOHNSON,64.8,65.02,64.51,64.58
6266,1,08-05-2012,JNJ,JOHNSON & JOHNSON,64.98,64.98,64.55,64.68
6266,1,09-05-2012,JNJ,JOHNSON & JOHNSON,64.28,64.88,64.25,64.59
6266,1,10-05-2012,JNJ,JOHNSON & JOHNSON,64.57,64.86,64.39,64.81
6266,1,11-05-2012,JNJ,JOHNSON & JOHNSON,64.34,64.99,64.23,64.43
6266,1,14-05-2012,JNJ,JOHNSON & JOHNSON,63.93,64.1,63.56,64.03
6266,1,15-05-2012,JNJ,JOHNSON & JOHNSON,63.61,64.14,63.41,63.7
6266,1,16-05-2012,JNJ,JOHNSON & JOHNSON,63.71,63.93,63.45,63.79
6266,1,17-05-2012,JNJ,JOHNSON & JOHNSON,63.55,64,63.4799,63.71
6266,1,18-05-2012,JNJ,JOHNSON & JOHNSON,63.35,63.91,63.09,63.87
6266,1,21-05-2012,JNJ,JOHNSON & JOHNSON,63.47,63.83,63.25,63.26
6266,1,22-05-2012,JNJ,JOHNSON & JOHNSON,63.52,63.8,63.33,63.4
6266,1,23-05-2012,JNJ,JOHNSON & JOHNSON,63.27,63.75,62.88,63.4
6266,1,24-05-2012,JNJ,JOHNSON & JOHNSON,63.1,63.34,62.8,62.89
6266,1,25-05-2012,JNJ,JOHNSON & JOHNSON,62.51,62.98,62.29,62.88
6266,1,29-05-2012,JNJ,JOHNSON & JOHNSON,62.59,62.93,62.3,62.84
6266,1,30-05-2012,JNJ,JOHNSON & JOHNSON,62.21,62.4,62,62.34
6266,1,31-05-2012,JNJ,JOHNSON & JOHNSON,62.43,62.875,62.14,62.36
6266,1,01-06-2012,JNJ,JOHNSON & JOHNSON,61.78,62.31,61.71,62.04
6266,1,04-06-2012,JNJ,JOHNSON & JOHNSON,62.34,62.45,61.89,62.04
6266,1,05-06-2012,JNJ,JOHNSON & JOHNSON,62.21,62.38,62,62.16
6266,1,06-06-2012,JNJ,JOHNSON & JOHNSON,62.8,62.8,61.89,62.09
6266,1,07-06-2012,JNJ,JOHNSON & JOHNSON,62.8,63.2,62.51,63.18
6266,1,08-06-2012,JNJ,JOHNSON & JOHNSON,62.98,63.04,62.33,62.54
6266,1,11-06-2012,JNJ,JOHNSON & JOHNSON,62.12,63.03,62.11,62.97
6266,1,12-06-2012,JNJ,JOHNSON & JOHNSON,63.08,63.27,61.83,62.16
6266,1,13-06-2012,JNJ,JOHNSON & JOHNSON,64.45,64.7,63.18,64.24
6266,1,14-06-2012,JNJ,JOHNSON & JOHNSON,65.45,65.75,64.285,64.35
6266,1,15-06-2012,JNJ,JOHNSON & JOHNSON,66.01,66.1,65.51,65.9
6266,1,18-06-2012,JNJ,JOHNSON & JOHNSON,66.3,66.39,65.82,65.82
6266,1,19-06-2012,JNJ,JOHNSON & JOHNSON,66.72,66.96,66.36,66.4
6266,1,20-06-2012,JNJ,JOHNSON & JOHNSON,67,67,66.46,66.78
6266,1,21-06-2012,JNJ,JOHNSON & JOHNSON,66.39,66.97,66.16,66.55
6266,1,22-06-2012,JNJ,JOHNSON & JOHNSON,66.63,66.97,66.52,66.66
6266,1,25-06-2012,JNJ,JOHNSON & JOHNSON,66.5,66.63,66.14,66.26
6266,1,26-06-2012,JNJ,JOHNSON & JOHNSON,66.42,66.69,66.41,66.56
6266,1,27-06-2012,JNJ,JOHNSON & JOHNSON,66.84,67.2,66.36,66.42
6266,1,28-06-2012,JNJ,JOHNSON & JOHNSON,66.94,67,66.438,66.71
6266,1,29-06-2012,JNJ,JOHNSON & JOHNSON,67.56,67.7,67.215,67.3
6266,1,02-07-2012,JNJ,JOHNSON & JOHNSON,68,68,67.34,67.42
6266,1,03-07-2012,JNJ,JOHNSON & JOHNSON,68.04,68.12,67.72,67.96
6266,1,05-07-2012,JNJ,JOHNSON & JOHNSON,67.78,68.15,67.78,67.92
6266,1,06-07-2012,JNJ,JOHNSON & JOHNSON,67.64,67.875,67.36,67.51
6266,1,09-07-2012,JNJ,JOHNSON & JOHNSON,67.78,67.96,67.63,67.74
6266,1,10-07-2012,JNJ,JOHNSON & JOHNSON,67.88,68.1,67.74,67.97
6266,1,11-07-2012,JNJ,JOHNSON & JOHNSON,67.9,68.11,67.72,68.03
6266,1,12-07-2012,JNJ,JOHNSON & JOHNSON,67.71,68.1203,67.44,67.62
6266,1,13-07-2012,JNJ,JOHNSON & JOHNSON,68.61,68.74,67.73,67.79
6266,1,16-07-2012,JNJ,JOHNSON & JOHNSON,68.45,68.72,68.36,68.47
6266,1,17-07-2012,JNJ,JOHNSON & JOHNSON,69,69.18,67.61,67.84
6266,1,18-07-2012,JNJ,JOHNSON & JOHNSON,69.37,69.46,68.66,68.74
6266,1,19-07-2012,JNJ,JOHNSON & JOHNSON,69.53,69.7,68.9775,69.25
6266,1,20-07-2012,JNJ,JOHNSON & JOHNSON,68.63,69.36,68.35,69.35
6266,1,23-07-2012,JNJ,JOHNSON & JOHNSON,68.11,68.31,67.65,68.14
6266,1,24-07-2012,JNJ,JOHNSON & JOHNSON,67.35,68.25,67,68.1
6266,1,25-07-2012,JNJ,JOHNSON & JOHNSON,67.53,68.02,67.385,67.67
6266,1,26-07-2012,JNJ,JOHNSON & JOHNSON,68.74,68.98,68.21,68.3
6266,1,27-07-2012,JNJ,JOHNSON & JOHNSON,69.52,69.68,68.89,68.95
6266,1,30-07-2012,JNJ,JOHNSON & JOHNSON,69.45,69.65,69.16,69.37
6266,1,31-07-2012,JNJ,JOHNSON & JOHNSON,69.22,69.56,69.1,69.25
6266,1,01-08-2012,JNJ,JOHNSON & JOHNSON,69.38,69.75,69.25,69.48
6266,1,02-08-2012,JNJ,JOHNSON & JOHNSON,68.45,68.976,68.02,68.81
6266,1,03-08-2012,JNJ,JOHNSON & JOHNSON,69.12,69.32,68.885,68.98
6266,1,06-08-2012,JNJ,JOHNSON & JOHNSON,68.84,69.34,68.78,69.18
6266,1,07-08-2012,JNJ,JOHNSON & JOHNSON,68.29,68.94,68.21,68.81
6266,1,08-08-2012,JNJ,JOHNSON & JOHNSON,68.35,68.56,68.2175,68.29
6266,1,09-08-2012,JNJ,JOHNSON & JOHNSON,68.32,68.65,68.17,68.33
6266,1,10-08-2012,JNJ,JOHNSON & JOHNSON,68.64,68.71,68.12,68.12
6266,1,13-08-2012,JNJ,JOHNSON & JOHNSON,68.46,68.55,68.17,68.39
6266,1,14-08-2012,JNJ,JOHNSON & JOHNSON,68.64,68.75,68.5,68.74
6266,1,15-08-2012,JNJ,JOHNSON & JOHNSON,68.35,68.84,68.3,68.51
6266,1,16-08-2012,JNJ,JOHNSON & JOHNSON,68.2,68.45,68.02,68.44
6266,1,17-08-2012,JNJ,JOHNSON & JOHNSON,67.8,68.18,67.51,68.12
6266,1,20-08-2012,JNJ,JOHNSON & JOHNSON,67.7,67.84,67.67,67.8
6266,1,21-08-2012,JNJ,JOHNSON & JOHNSON,67.78,68.25,67.62,67.69
6266,1,22-08-2012,JNJ,JOHNSON & JOHNSON,67.75,67.93,67.53,67.63
6266,1,23-08-2012,JNJ,JOHNSON & JOHNSON,67.74,67.95,67.56,67.8
6266,1,24-08-2012,JNJ,JOHNSON & JOHNSON,67.6,67.84,67.15,67.22
6266,1,27-08-2012,JNJ,JOHNSON & JOHNSON,67.49,67.96,67.48,67.54
6266,1,28-08-2012,JNJ,JOHNSON & JOHNSON,67.51,67.7,67.22,67.31
6266,1,29-08-2012,JNJ,JOHNSON & JOHNSON,67.37,67.83,67.06,67.28
6266,1,30-08-2012,JNJ,JOHNSON & JOHNSON,67.21,67.41,66.85,67.23
6266,1,31-08-2012,JNJ,JOHNSON & JOHNSON,67.43,67.9,67.16,67.45
6266,1,04-09-2012,JNJ,JOHNSON & JOHNSON,67.26,67.54,66.97,67.49
6266,1,05-09-2012,JNJ,JOHNSON & JOHNSON,67.27,67.8699,67.14,67.44
6266,1,06-09-2012,JNJ,JOHNSON & JOHNSON,67.84,68.22,67.59,67.71
6266,1,07-09-2012,JNJ,JOHNSON & JOHNSON,67.88,68.01,67.52,67.97
6266,1,10-09-2012,JNJ,JOHNSON & JOHNSON,68.18,68.47,67.83,67.99
6266,1,11-09-2012,JNJ,JOHNSON & JOHNSON,68.2,68.55,68.18,68.365
6266,1,12-09-2012,JNJ,JOHNSON & JOHNSON,68.15,68.46,68.03,68.37
6266,1,13-09-2012,JNJ,JOHNSON & JOHNSON,68.99,69.17,68,68.01
6266,1,14-09-2012,JNJ,JOHNSON & JOHNSON,68.47,68.91,68.08,68.91
6266,1,17-09-2012,JNJ,JOHNSON & JOHNSON,68.25,68.7,68,68.49
6266,1,18-09-2012,JNJ,JOHNSON & JOHNSON,68.55,68.6675,68.07,68.08
6266,1,19-09-2012,JNJ,JOHNSON & JOHNSON,68.6,68.924,68.6,68.75
6266,1,20-09-2012,JNJ,JOHNSON & JOHNSON,68.9,68.99,68.33,68.41
6266,1,21-09-2012,JNJ,JOHNSON & JOHNSON,69.06,69.3611,68.84,69.05
6266,1,24-09-2012,JNJ,JOHNSON & JOHNSON,69,69.2,68.81,68.88
6266,1,25-09-2012,JNJ,JOHNSON & JOHNSON,69.32,69.64,69.01,69.01
6266,1,26-09-2012,JNJ,JOHNSON & JOHNSON,69,69.5,68.96,69.5
6266,1,27-09-2012,JNJ,JOHNSON & JOHNSON,69.01,69.35,68.89,69.09
6266,1,28-09-2012,JNJ,JOHNSON & JOHNSON,68.91,69.04,68.5,68.77
6266,1,01-10-2012,JNJ,JOHNSON & JOHNSON,69.13,69.45,68.92,68.92
6266,1,02-10-2012,JNJ,JOHNSON & JOHNSON,68.96,69.28,68.64,69.12
6266,1,03-10-2012,JNJ,JOHNSON & JOHNSON,69,69.32,68.73,69.19
6266,1,04-10-2012,JNJ,JOHNSON & JOHNSON,69.27,69.5,69.01,69.1
6266,1,05-10-2012,JNJ,JOHNSON & JOHNSON,69.65,69.74,69.32,69.46
6266,1,08-10-2012,JNJ,JOHNSON & JOHNSON,69.44,69.65,69.17,69.6
6266,1,09-10-2012,JNJ,JOHNSON & JOHNSON,68.41,68.97,68.1,68.62
6266,1,10-10-2012,JNJ,JOHNSON & JOHNSON,68.22,68.49,67.98,68.38
6266,1,11-10-2012,JNJ,JOHNSON & JOHNSON,67.97,68.3,67.86,68.21
6266,1,12-10-2012,JNJ,JOHNSON & JOHNSON,67.97,68.51,67.8,68.18
6266,1,15-10-2012,JNJ,JOHNSON & JOHNSON,68.6,68.99,68.07,68.18
6266,1,16-10-2012,JNJ,JOHNSON & JOHNSON,69.55,69.8,69.02,69.3
6266,1,17-10-2012,JNJ,JOHNSON & JOHNSON,71,71.18,69.55,69.73
6266,1,18-10-2012,JNJ,JOHNSON & JOHNSON,72.52,72.74,70.82,70.87
6266,1,19-10-2012,JNJ,JOHNSON & JOHNSON,71.86,72.24,71.73,72.11
6266,1,22-10-2012,JNJ,JOHNSON & JOHNSON,71.78,72.29,71.33,71.79
6266,1,23-10-2012,JNJ,JOHNSON & JOHNSON,70.89,71.53,70.525,71.17
6266,1,24-10-2012,JNJ,JOHNSON & JOHNSON,70.74,71.2,70.67,70.99
6266,1,25-10-2012,JNJ,JOHNSON & JOHNSON,71.14,71.56,70.99,71.01
6266,1,26-10-2012,JNJ,JOHNSON & JOHNSON,70.9,71.32,70.56,71
6266,1,31-10-2012,JNJ,JOHNSON & JOHNSON,70.82,71.25,70.48,71.11
6266,1,01-11-2012,JNJ,JOHNSON & JOHNSON,71.5,71.9,70.83,71.1
6266,1,02-11-2012,JNJ,JOHNSON & JOHNSON,70.9,71.7,70.83,71.7
6266,1,05-11-2012,JNJ,JOHNSON & JOHNSON,70.79,71,70.47,70.86
6266,1,06-11-2012,JNJ,JOHNSON & JOHNSON,71.01,71.62,70.89,71
6266,1,07-11-2012,JNJ,JOHNSON & JOHNSON,70.34,70.99,69.7,70.69
6266,1,08-11-2012,JNJ,JOHNSON & JOHNSON,69.65,70.42,69.65,70.15
6266,1,09-11-2012,JNJ,JOHNSON & JOHNSON,69.87,70.26,69.43,69.56
6266,1,12-11-2012,JNJ,JOHNSON & JOHNSON,69.68,70.05,69.31,69.79
6266,1,13-11-2012,JNJ,JOHNSON & JOHNSON,69.51,70.11,69.4,69.52
6266,1,14-11-2012,JNJ,JOHNSON & JOHNSON,69.27,69.76,69.03,69.63
6266,1,15-11-2012,JNJ,JOHNSON & JOHNSON,69.07,69.2,68.72,68.99
6266,1,16-11-2012,JNJ,JOHNSON & JOHNSON,69.19,69.27,68.51,68.87
6266,1,19-11-2012,JNJ,JOHNSON & JOHNSON,69.25,69.81,69.04,69.54
6266,1,20-11-2012,JNJ,JOHNSON & JOHNSON,69.67,69.715,69.14,69.26
6266,1,21-11-2012,JNJ,JOHNSON & JOHNSON,69.59,69.875,69.45,69.63
6266,1,23-11-2012,JNJ,JOHNSON & JOHNSON,69.56,69.56,68.95,69.08
6266,1,26-11-2012,JNJ,JOHNSON & JOHNSON,69.09,69.5,68.82,69.12
6266,1,27-11-2012,JNJ,JOHNSON & JOHNSON,68.81,69.15,68.73,69.01
6266,1,28-11-2012,JNJ,JOHNSON & JOHNSON,69.29,69.38,68.6,68.71
6266,1,29-11-2012,JNJ,JOHNSON & JOHNSON,69.22,69.555,69.05,69.47
6266,1,30-11-2012,JNJ,JOHNSON & JOHNSON,69.73,69.92,69.175,69.39
6266,1,03-12-2012,JNJ,JOHNSON & JOHNSON,69.65,69.92,69.36,69.8
6266,1,04-12-2012,JNJ,JOHNSON & JOHNSON,69.86,70.49,69.45,69.58
6266,1,05-12-2012,JNJ,JOHNSON & JOHNSON,69.97,70.295,69.58,69.93
6266,1,06-12-2012,JNJ,JOHNSON & JOHNSON,70.05,70.34,69.8,70.34
6266,1,07-12-2012,JNJ,JOHNSON & JOHNSON,70.45,70.5225,69.86,70.04
6266,1,10-12-2012,JNJ,JOHNSON & JOHNSON,70.6,70.8,70.26,70.26
6266,1,11-12-2012,JNJ,JOHNSON & JOHNSON,71.1,71.62,70.75,70.93
6266,1,12-12-2012,JNJ,JOHNSON & JOHNSON,70.96,71.37,70.845,71.21
6266,1,13-12-2012,JNJ,JOHNSON & JOHNSON,70.75,71,70.6199,70.9
6266,1,14-12-2012,JNJ,JOHNSON & JOHNSON,70.69,70.86,70.49,70.62
6266,1,17-12-2012,JNJ,JOHNSON & JOHNSON,70.94,71.18,70.78,70.84
6266,1,18-12-2012,JNJ,JOHNSON & JOHNSON,70.95,71.1,70.505,71.06
6266,1,19-12-2012,JNJ,JOHNSON & JOHNSON,70.63,71.31,70.63,70.91
6266,1,20-12-2012,JNJ,JOHNSON & JOHNSON,70.75,70.9,70.49,70.74
6266,1,21-12-2012,JNJ,JOHNSON & JOHNSON,70.27,70.75,70.06,70.56
6266,1,24-12-2012,JNJ,JOHNSON & JOHNSON,70.02,70.4,69.94,70.32
6266,1,26-12-2012,JNJ,JOHNSON & JOHNSON,70.17,70.36,69.88,69.95
6266,1,27-12-2012,JNJ,JOHNSON & JOHNSON,70.09,70.4,69.8,70.13
6266,1,28-12-2012,JNJ,JOHNSON & JOHNSON,69.48,70.07,69.415,69.84
6266,1,31-12-2012,JNJ,JOHNSON & JOHNSON,70.1,70.11,69.175,69.24
6266,1,02-01-2013,JNJ,JOHNSON & JOHNSON,70.84,71.02,70.3,71.02
6266,1,03-01-2013,JNJ,JOHNSON & JOHNSON,70.74,71,70.445,70.98
6266,1,04-01-2013,JNJ,JOHNSON & JOHNSON,71.55,71.73,71.01,71.24
6266,1,07-01-2013,JNJ,JOHNSON & JOHNSON,71.4,71.53,71.19,71.5
6266,1,08-01-2013,JNJ,JOHNSON & JOHNSON,71.41,71.65,71.25,71.31
6266,1,09-01-2013,JNJ,JOHNSON & JOHNSON,71.73,71.85,71.5,71.64
6266,1,10-01-2013,JNJ,JOHNSON & JOHNSON,72.19,72.38,71.74,71.81
6266,1,11-01-2013,JNJ,JOHNSON & JOHNSON,72.35,72.58,72.16,72.19
6266,1,14-01-2013,JNJ,JOHNSON & JOHNSON,72.56,72.79,72.37,72.6
6266,1,15-01-2013,JNJ,JOHNSON & JOHNSON,72.37,72.44,72,72.25
6266,1,16-01-2013,JNJ,JOHNSON & JOHNSON,72.58,72.815,72.25,72.26
6266,1,17-01-2013,JNJ,JOHNSON & JOHNSON,72.9,73.01,72.37,72.88
6266,1,18-01-2013,JNJ,JOHNSON & JOHNSON,73.23,73.23,72.79,72.9
6266,1,22-01-2013,JNJ,JOHNSON & JOHNSON,72.69,73.21,72.42,72.92
6266,1,23-01-2013,JNJ,JOHNSON & JOHNSON,72.85,72.91,72.47,72.52
6266,1,24-01-2013,JNJ,JOHNSON & JOHNSON,73.1,73.23,72.8434,72.96
6266,1,25-01-2013,JNJ,JOHNSON & JOHNSON,73.92,73.93,73.06,73.13
6266,1,28-01-2013,JNJ,JOHNSON & JOHNSON,73.62,74,73.43,73.96
6266,1,29-01-2013,JNJ,JOHNSON & JOHNSON,74.41,74.62,73.64,73.67
6266,1,30-01-2013,JNJ,JOHNSON & JOHNSON,74.09,74.8,74.01,74.45
6266,1,31-01-2013,JNJ,JOHNSON & JOHNSON,73.92,74.36,73.78,74.08
6266,1,01-02-2013,JNJ,JOHNSON & JOHNSON,74.18,74.42,74.08,74.14
6266,1,04-02-2013,JNJ,JOHNSON & JOHNSON,74.11,74.25,73.56,73.56
6266,1,05-02-2013,JNJ,JOHNSON & JOHNSON,74.66,74.82,74.47,74.49
6266,1,06-02-2013,JNJ,JOHNSON & JOHNSON,75.39,75.39,74.52,74.57
6266,1,07-02-2013,JNJ,JOHNSON & JOHNSON,75.06,75.2,74.68,74.82
6266,1,08-02-2013,JNJ,JOHNSON & JOHNSON,75.48,75.61,74.73,75.17
6266,1,11-02-2013,JNJ,JOHNSON & JOHNSON,75.41,75.5,75.05,75.28
6266,1,12-02-2013,JNJ,JOHNSON & JOHNSON,75.8,75.86,75.42,75.42
6266,1,13-02-2013,JNJ,JOHNSON & JOHNSON,75.66,75.87,75.37,75.79
6266,1,14-02-2013,JNJ,JOHNSON & JOHNSON,75.81,76.09,75.38,75.5
6266,1,15-02-2013,JNJ,JOHNSON & JOHNSON,76.16,76.16,75.51,75.72
6266,1,19-02-2013,JNJ,JOHNSON & JOHNSON,76.96,77,75.96,76.03
6266,1,20-02-2013,JNJ,JOHNSON & JOHNSON,76.65,76.97,76.54,76.79
6266,1,21-02-2013,JNJ,JOHNSON & JOHNSON,76.87,77.02,76.38,76.47
6266,1,22-02-2013,JNJ,JOHNSON & JOHNSON,76.25,76.49,75.97,76.39
6266,1,25-02-2013,JNJ,JOHNSON & JOHNSON,75.57,76.66,75.57,76.47
6266,1,26-02-2013,JNJ,JOHNSON & JOHNSON,75.75,76.34,75.5,75.88
6266,1,27-02-2013,JNJ,JOHNSON & JOHNSON,76.32,76.45,75.6,75.68
6266,1,28-02-2013,JNJ,JOHNSON & JOHNSON,76.11,76.49,76.11,76.23
6266,1,01-03-2013,JNJ,JOHNSON & JOHNSON,76.7,76.77,75.73,75.79
6266,1,04-03-2013,JNJ,JOHNSON & JOHNSON,77.2,77.28,76.73,76.73
6266,1,05-03-2013,JNJ,JOHNSON & JOHNSON,77.66,77.71,77.44,77.56
6266,1,06-03-2013,JNJ,JOHNSON & JOHNSON,77.39,77.74,77.22,77.69
6266,1,07-03-2013,JNJ,JOHNSON & JOHNSON,77.75,77.96,77.59,77.62
6266,1,08-03-2013,JNJ,JOHNSON & JOHNSON,78.19,78.22,77.7,77.84
6266,1,11-03-2013,JNJ,JOHNSON & JOHNSON,78.44,78.52,77.84,77.92
6266,1,12-03-2013,JNJ,JOHNSON & JOHNSON,78.56,78.69,78.21,78.5
6266,1,13-03-2013,JNJ,JOHNSON & JOHNSON,78.55,78.67,78.2,78.52
6266,1,14-03-2013,JNJ,JOHNSON & JOHNSON,79.1,79.1,78.49,78.67
6266,1,15-03-2013,JNJ,JOHNSON & JOHNSON,79.19,79.24,78.62,78.62
6266,1,18-03-2013,JNJ,JOHNSON & JOHNSON,78.81,79.19,78.7,78.72
6266,1,19-03-2013,JNJ,JOHNSON & JOHNSON,78.86,79.09,78.5,78.98
6266,1,20-03-2013,JNJ,JOHNSON & JOHNSON,79.45,79.61,79.17,79.18
6266,1,21-03-2013,JNJ,JOHNSON & JOHNSON,79.01,79.5,78.77,79.12
6266,1,22-03-2013,JNJ,JOHNSON & JOHNSON,79.74,79.74,79.02,79.11
6266,1,25-03-2013,JNJ,JOHNSON & JOHNSON,79.68,79.94,79.47,79.83
6266,1,26-03-2013,JNJ,JOHNSON & JOHNSON,80.85,80.8815,79.85,79.93
6266,1,27-03-2013,JNJ,JOHNSON & JOHNSON,81.27,81.35,80.27,80.56
6266,1,28-03-2013,JNJ,JOHNSON & JOHNSON,81.53,81.59,80.95,81.37
6266,1,01-04-2013,JNJ,JOHNSON & JOHNSON,81.93,81.965,81.28,81.39
6266,1,02-04-2013,JNJ,JOHNSON & JOHNSON,82.69,82.69,81.9,82
6266,1,03-04-2013,JNJ,JOHNSON & JOHNSON,82.07,82.95,81.57,82.74
6266,1,04-04-2013,JNJ,JOHNSON & JOHNSON,82.41,82.72,81.925,82.2
6266,1,05-04-2013,JNJ,JOHNSON & JOHNSON,82.04,82.11,81.62,81.79
6266,1,08-04-2013,JNJ,JOHNSON & JOHNSON,81.11,81.39,80.31,81.27
6266,1,09-04-2013,JNJ,JOHNSON & JOHNSON,81.52,81.75,81.24,81.26
6266,1,10-04-2013,JNJ,JOHNSON & JOHNSON,82.02,82.2,81.735,81.83
6266,1,11-04-2013,JNJ,JOHNSON & JOHNSON,82.32,82.96,82.08,82.14
6266,1,12-04-2013,JNJ,JOHNSON & JOHNSON,82.74,82.74,82.17,82.25
6266,1,15-04-2013,JNJ,JOHNSON & JOHNSON,81.71,83.09,81.71,82.72
6266,1,16-04-2013,JNJ,JOHNSON & JOHNSON,83.44,83.54,82.07,82.33
6266,1,17-04-2013,JNJ,JOHNSON & JOHNSON,83.9,84.43,83.29,83.36
6266,1,18-04-2013,JNJ,JOHNSON & JOHNSON,83.18,84.3,83.03,83.96
6266,1,19-04-2013,JNJ,JOHNSON & JOHNSON,84.49,84.57,83.47,83.51
6266,1,22-04-2013,JNJ,JOHNSON & JOHNSON,84.83,84.93,84.195,84.59
6266,1,23-04-2013,JNJ,JOHNSON & JOHNSON,85.45,85.68,84,84.99
6266,1,24-04-2013,JNJ,JOHNSON & JOHNSON,84.39,85.74,84.28,85.68
6266,1,25-04-2013,JNJ,JOHNSON & JOHNSON,85.22,85.44,84.34,84.54
6266,1,26-04-2013,JNJ,JOHNSON & JOHNSON,85.12,85.49,84.805,85.3
6266,1,29-04-2013,JNJ,JOHNSON & JOHNSON,85.58,85.89,84.91,85.02
6266,1,30-04-2013,JNJ,JOHNSON & JOHNSON,85.23,85.7,84.89,85.39
6266,1,01-05-2013,JNJ,JOHNSON & JOHNSON,84.23,85.13,83.88,84.5
6266,1,02-05-2013,JNJ,JOHNSON & JOHNSON,85.16,85.21,84.17,84.44
6266,1,03-05-2013,JNJ,JOHNSON & JOHNSON,85.75,85.99,85.45,85.58
6266,1,06-05-2013,JNJ,JOHNSON & JOHNSON,84.68,85.78,84.55,85.78
6266,1,07-05-2013,JNJ,JOHNSON & JOHNSON,85.53,85.57,84.63,84.87
6266,1,08-05-2013,JNJ,JOHNSON & JOHNSON,85.46,85.6,84.93,85.48
6266,1,09-05-2013,JNJ,JOHNSON & JOHNSON,85.15,85.691,84.963,85.45
6266,1,10-05-2013,JNJ,JOHNSON & JOHNSON,85.76,85.76,85.181,85.29
6266,1,13-05-2013,JNJ,JOHNSON & JOHNSON,85.85,86.07,85.44,85.56
6266,1,14-05-2013,JNJ,JOHNSON & JOHNSON,86.97,87.08,85.76,85.76
6266,1,15-05-2013,JNJ,JOHNSON & JOHNSON,87.64,87.88,86.94,86.94
6266,1,16-05-2013,JNJ,JOHNSON & JOHNSON,87.45,87.77,87.06,87.33
6266,1,17-05-2013,JNJ,JOHNSON & JOHNSON,88.09,88.2,87.41,87.47
6266,1,20-05-2013,JNJ,JOHNSON & JOHNSON,88.01,88.2,87.81,88.1
6266,1,21-05-2013,JNJ,JOHNSON & JOHNSON,88.59,88.64,87.79,87.94
6266,1,22-05-2013,JNJ,JOHNSON & JOHNSON,88.46,89.99,88.2,88.7
6266,1,23-05-2013,JNJ,JOHNSON & JOHNSON,87.21,87.97,87,87.11
6266,1,24-05-2013,JNJ,JOHNSON & JOHNSON,86.82,87.03,86.49,86.8
6266,1,28-05-2013,JNJ,JOHNSON & JOHNSON,87.61,88.29,87.27,87.54
6266,1,29-05-2013,JNJ,JOHNSON & JOHNSON,85.65,87.16,85.14,87.08
6266,1,30-05-2013,JNJ,JOHNSON & JOHNSON,85.99,86.31,85.68,85.71
6266,1,31-05-2013,JNJ,JOHNSON & JOHNSON,84.18,85.99,84.18,85.68
6266,1,03-06-2013,JNJ,JOHNSON & JOHNSON,84.71,84.71,83.37,84.28
6266,1,04-06-2013,JNJ,JOHNSON & JOHNSON,84.1,85.03,83.56,84.72
6266,1,05-06-2013,JNJ,JOHNSON & JOHNSON,83.68,85,83.48,83.91
6266,1,06-06-2013,JNJ,JOHNSON & JOHNSON,84.46,84.46,82.65,83.59
6266,1,07-06-2013,JNJ,JOHNSON & JOHNSON,84.91,85.18,84.4,84.96
6266,1,10-06-2013,JNJ,JOHNSON & JOHNSON,85.14,85.71,84.73,85.01
6266,1,11-06-2013,JNJ,JOHNSON & JOHNSON,84.69,85.02,84.13,84.76
6266,1,12-06-2013,JNJ,JOHNSON & JOHNSON,83.74,85.5,83.7,85.18
6266,1,13-06-2013,JNJ,JOHNSON & JOHNSON,84.91,84.96,83.0804,83.6
6266,1,14-06-2013,JNJ,JOHNSON & JOHNSON,84.91,85.48,84.66,84.71
6266,1,17-06-2013,JNJ,JOHNSON & JOHNSON,85.63,86.405,84.98,85.37
6266,1,18-06-2013,JNJ,JOHNSON & JOHNSON,86.36,86.44,85.63,85.75
6266,1,19-06-2013,JNJ,JOHNSON & JOHNSON,84.86,86.5,84.8,86.43
6266,1,20-06-2013,JNJ,JOHNSON & JOHNSON,82.62,84.45,82.12,84.21
6266,1,21-06-2013,JNJ,JOHNSON & JOHNSON,83.2,84.32,82.5,83
6266,1,24-06-2013,JNJ,JOHNSON & JOHNSON,84.61,85.31,82.81,82.92
6266,1,25-06-2013,JNJ,JOHNSON & JOHNSON,85.35,85.59,84.54,85.16
6266,1,26-06-2013,JNJ,JOHNSON & JOHNSON,86.99,87.32,85.94,85.95
6266,1,27-06-2013,JNJ,JOHNSON & JOHNSON,86.71,87.8224,86.49,87.53
6266,1,28-06-2013,JNJ,JOHNSON & JOHNSON,85.86,87.38,85.85,86.72
6266,1,01-07-2013,JNJ,JOHNSON & JOHNSON,86.63,87.64,85.5,85.72
6266,1,02-07-2013,JNJ,JOHNSON & JOHNSON,86.57,87.2,86.21,86.65
6266,1,03-07-2013,JNJ,JOHNSON & JOHNSON,86.78,87.04,86.1,86.54
6266,1,05-07-2013,JNJ,JOHNSON & JOHNSON,87.87,87.88,86.92,87.58
6266,1,08-07-2013,JNJ,JOHNSON & JOHNSON,88.59,88.99,87.97,88.09
6266,1,09-07-2013,JNJ,JOHNSON & JOHNSON,88.88,89.08,88.36,88.65
6266,1,10-07-2013,JNJ,JOHNSON & JOHNSON,89.24,89.48,88.81,88.88
6266,1,11-07-2013,JNJ,JOHNSON & JOHNSON,89.67,89.93,89,89.81
6266,1,12-07-2013,JNJ,JOHNSON & JOHNSON,89.99,89.99,89.38,89.69
6266,1,15-07-2013,JNJ,JOHNSON & JOHNSON,90.4,90.81,89.76,89.91
6266,1,16-07-2013,JNJ,JOHNSON & JOHNSON,90.4,91.66,90.13,91.04
6266,1,17-07-2013,JNJ,JOHNSON & JOHNSON,90.13,90.97,89.88,90.58
6266,1,18-07-2013,JNJ,JOHNSON & JOHNSON,90.17,90.9493,90.06,90.33
6266,1,19-07-2013,JNJ,JOHNSON & JOHNSON,92.23,92.27,90.05,90.24
6266,1,22-07-2013,JNJ,JOHNSON & JOHNSON,92.28,92.56,91.61,92.08
6266,1,23-07-2013,JNJ,JOHNSON & JOHNSON,92.42,92.855,92.11,92.39
6266,1,24-07-2013,JNJ,JOHNSON & JOHNSON,92.36,92.66,91.75,92.65
6266,1,25-07-2013,JNJ,JOHNSON & JOHNSON,92.57,92.75,91.75,92
6266,1,26-07-2013,JNJ,JOHNSON & JOHNSON,92.83,92.93,91.653,92.32
6266,1,29-07-2013,JNJ,JOHNSON & JOHNSON,93.21,93.39,92.61,92.63
6266,1,30-07-2013,JNJ,JOHNSON & JOHNSON,93.17,93.97,93.02,93.47
6266,1,31-07-2013,JNJ,JOHNSON & JOHNSON,93.5,94.42,93.19,93.23
6266,1,01-08-2013,JNJ,JOHNSON & JOHNSON,93.77,94.4,93.705,94.16
6266,1,02-08-2013,JNJ,JOHNSON & JOHNSON,94.39,94.39,93.45,93.56
6266,1,05-08-2013,JNJ,JOHNSON & JOHNSON,93.8,94.3,93.43,94.05
6266,1,06-08-2013,JNJ,JOHNSON & JOHNSON,93.81,93.94,93.5,93.88
6266,1,07-08-2013,JNJ,JOHNSON & JOHNSON,93.66,94.03,93.47,93.6
6266,1,08-08-2013,JNJ,JOHNSON & JOHNSON,93.34,94.37,92.71,94.27
6266,1,09-08-2013,JNJ,JOHNSON & JOHNSON,92.36,93.39,91.78,93.39
6266,1,12-08-2013,JNJ,JOHNSON & JOHNSON,92,92.77,91.755,92.08
6266,1,13-08-2013,JNJ,JOHNSON & JOHNSON,93.01,93.35,91.76,91.89
6266,1,14-08-2013,JNJ,JOHNSON & JOHNSON,90.7,92.95,90.51,92.79
6266,1,15-08-2013,JNJ,JOHNSON & JOHNSON,89.55,90.41,89.09,90.32
6266,1,16-08-2013,JNJ,JOHNSON & JOHNSON,89.37,89.8025,88.77,89.13
6266,1,19-08-2013,JNJ,JOHNSON & JOHNSON,90.45,91.25,89.35,89.47
6266,1,20-08-2013,JNJ,JOHNSON & JOHNSON,89.73,91.65,89.73,90.55
6266,1,21-08-2013,JNJ,JOHNSON & JOHNSON,88.8,89.63,88.68,89.47
6266,1,22-08-2013,JNJ,JOHNSON & JOHNSON,88.26,89.03,88.12,88.76
6266,1,23-08-2013,JNJ,JOHNSON & JOHNSON,88.41,88.44,87.21,87.93
6266,1,26-08-2013,JNJ,JOHNSON & JOHNSON,87.53,88.48,87.3899,88.36
6266,1,27-08-2013,JNJ,JOHNSON & JOHNSON,86.17,87.08,85.96,86.97
6266,1,28-08-2013,JNJ,JOHNSON & JOHNSON,86.53,86.91,85.88,86.36
6266,1,29-08-2013,JNJ,JOHNSON & JOHNSON,86.57,87.14,85.99,86.41
6266,1,30-08-2013,JNJ,JOHNSON & JOHNSON,86.41,86.78,85.85,86.78
6266,1,03-09-2013,JNJ,JOHNSON & JOHNSON,86.42,87.3,86.03,86.89
6266,1,04-09-2013,JNJ,JOHNSON & JOHNSON,86.9,87.245,86.251,86.46
6266,1,05-09-2013,JNJ,JOHNSON & JOHNSON,87.04,87.17,86.62,87
6266,1,06-09-2013,JNJ,JOHNSON & JOHNSON,87.16,87.92,86,87.22
6266,1,09-09-2013,JNJ,JOHNSON & JOHNSON,87.56,87.6,87.01,87.39
6266,1,10-09-2013,JNJ,JOHNSON & JOHNSON,88.53,88.58,87.85,88.14
6266,1,11-09-2013,JNJ,JOHNSON & JOHNSON,89.23,89.27,88.145,88.63
6266,1,12-09-2013,JNJ,JOHNSON & JOHNSON,89.01,89.57,88.88,89.3
6266,1,13-09-2013,JNJ,JOHNSON & JOHNSON,88.57,89.25,88.205,89.13
6266,1,16-09-2013,JNJ,JOHNSON & JOHNSON,89.03,89.57,88.83,89.43
6266,1,17-09-2013,JNJ,JOHNSON & JOHNSON,89.06,89.22,88.58,89.05
6266,1,18-09-2013,JNJ,JOHNSON & JOHNSON,89.91,89.91,88.3,88.91
6266,1,19-09-2013,JNJ,JOHNSON & JOHNSON,90.07,90.2,89.79,90.05
6266,1,20-09-2013,JNJ,JOHNSON & JOHNSON,89.68,90.72,89.68,90.2
6266,1,23-09-2013,JNJ,JOHNSON & JOHNSON,89.09,89.75,88.81,89.43
6266,1,24-09-2013,JNJ,JOHNSON & JOHNSON,88.22,89.2,88.15,89.02
6266,1,25-09-2013,JNJ,JOHNSON & JOHNSON,87.08,88.47,87.07,88.42
6266,1,26-09-2013,JNJ,JOHNSON & JOHNSON,87.07,87.7032,86.72,87.28
6266,1,27-09-2013,JNJ,JOHNSON & JOHNSON,86.73,86.94,86.44,86.81
6266,1,30-09-2013,JNJ,JOHNSON & JOHNSON,86.69,86.95,86.15,86.33
6266,1,01-10-2013,JNJ,JOHNSON & JOHNSON,87.47,87.49,86.26,86.59
6266,1,02-10-2013,JNJ,JOHNSON & JOHNSON,87.29,87.29,86.44,87.13
6266,1,03-10-2013,JNJ,JOHNSON & JOHNSON,86.58,87.4,86.28,87.19
6266,1,04-10-2013,JNJ,JOHNSON & JOHNSON,87.31,87.415,86.56,86.82
6266,1,07-10-2013,JNJ,JOHNSON & JOHNSON,86.59,86.98,86.29,86.7
6266,1,08-10-2013,JNJ,JOHNSON & JOHNSON,85.61,86.74,85.57,86.62
6266,1,09-10-2013,JNJ,JOHNSON & JOHNSON,85.96,86.23,85.5,85.93
6266,1,10-10-2013,JNJ,JOHNSON & JOHNSON,87.78,87.78,86.7,86.72
6266,1,11-10-2013,JNJ,JOHNSON & JOHNSON,89.45,89.48,88.02,88.62
6266,1,14-10-2013,JNJ,JOHNSON & JOHNSON,89.8,89.89,88.63,88.83
6266,1,15-10-2013,JNJ,JOHNSON & JOHNSON,89.93,91.46,89.93,90.33
6266,1,16-10-2013,JNJ,JOHNSON & JOHNSON,91.11,91.17,90.16,90.42
6266,1,17-10-2013,JNJ,JOHNSON & JOHNSON,91.97,92,90.77,90.87
6266,1,18-10-2013,JNJ,JOHNSON & JOHNSON,91.63,92.05,91.14,91.75
6266,1,21-10-2013,JNJ,JOHNSON & JOHNSON,91.2,91.63,90.77,91.63
6266,1,22-10-2013,JNJ,JOHNSON & JOHNSON,92.36,92.56,91.495,91.53
6266,1,23-10-2013,JNJ,JOHNSON & JOHNSON,92.1,92.43,91.52,92.07
6266,1,24-10-2013,JNJ,JOHNSON & JOHNSON,92.35,92.99,92.14,92.65
6266,1,25-10-2013,JNJ,JOHNSON & JOHNSON,92.09,92.27,91.78,92.04
6266,1,28-10-2013,JNJ,JOHNSON & JOHNSON,92.39,92.8,91.92,91.96
6266,1,29-10-2013,JNJ,JOHNSON & JOHNSON,93.14,93.175,92.58,92.8
6266,1,30-10-2013,JNJ,JOHNSON & JOHNSON,92.79,93.45,92.65,93.27
6266,1,31-10-2013,JNJ,JOHNSON & JOHNSON,92.61,93.35,92.32,92.85
6266,1,01-11-2013,JNJ,JOHNSON & JOHNSON,93.37,93.5799,92.3801,92.3801
6266,1,04-11-2013,JNJ,JOHNSON & JOHNSON,93.03,93.5,92.43,93.46
6266,1,05-11-2013,JNJ,JOHNSON & JOHNSON,92.81,92.95,92.28,92.54
6266,1,06-11-2013,JNJ,JOHNSON & JOHNSON,93.04,93.2,92.72,93.03
6266,1,07-11-2013,JNJ,JOHNSON & JOHNSON,92.69,93.35,92.69,93.19
6266,1,08-11-2013,JNJ,JOHNSON & JOHNSON,94.05,94.1,92.56,92.63
6266,1,11-11-2013,JNJ,JOHNSON & JOHNSON,94.29,94.64,93.94,93.97
6266,1,12-11-2013,JNJ,JOHNSON & JOHNSON,93.56,94.09,93,93.98
6266,1,13-11-2013,JNJ,JOHNSON & JOHNSON,93.34,93.45,92.32,93.36
6266,1,14-11-2013,JNJ,JOHNSON & JOHNSON,93.92,94.14,93.4,93.4
6266,1,15-11-2013,JNJ,JOHNSON & JOHNSON,94.39,94.4,93.55,93.63
6266,1,18-11-2013,JNJ,JOHNSON & JOHNSON,94.3,94.6,94.01,94.36
6266,1,19-11-2013,JNJ,JOHNSON & JOHNSON,94.86,94.92,94,94.27
6266,1,20-11-2013,JNJ,JOHNSON & JOHNSON,95.15,95.47,94.66,94.94
6266,1,21-11-2013,JNJ,JOHNSON & JOHNSON,95.2,95.75,95.047,95.46
6266,1,22-11-2013,JNJ,JOHNSON & JOHNSON,95.25,95.58,94.39,94.39
6266,1,25-11-2013,JNJ,JOHNSON & JOHNSON,95.63,95.99,95.08,95.49
6266,1,26-11-2013,JNJ,JOHNSON & JOHNSON,95.06,95.87,94.97,95.58
6266,1,27-11-2013,JNJ,JOHNSON & JOHNSON,94.98,95.37,94.61,95.34
6266,1,29-11-2013,JNJ,JOHNSON & JOHNSON,94.66,95.5,94.43,95.23
6266,1,02-12-2013,JNJ,JOHNSON & JOHNSON,94.28,94.6597,93.965,94.41
6266,1,03-12-2013,JNJ,JOHNSON & JOHNSON,93.97,94.56,93.51,94.2
6266,1,04-12-2013,JNJ,JOHNSON & JOHNSON,93.63,94.25,93.13,93.76
6266,1,05-12-2013,JNJ,JOHNSON & JOHNSON,92.97,93.63,92.66,93.42
6266,1,06-12-2013,JNJ,JOHNSON & JOHNSON,94.44,94.48,93.42,93.6
6266,1,09-12-2013,JNJ,JOHNSON & JOHNSON,94.44,94.48,93.7,94.3
6266,1,10-12-2013,JNJ,JOHNSON & JOHNSON,94.14,94.79,93.96,94.58
6266,1,11-12-2013,JNJ,JOHNSON & JOHNSON,93.11,94.45,93.03,94.4
6266,1,12-12-2013,JNJ,JOHNSON & JOHNSON,91.16,92.86,91.07,92.84
6266,1,13-12-2013,JNJ,JOHNSON & JOHNSON,91.35,91.855,91.08,91.46
6266,1,16-12-2013,JNJ,JOHNSON & JOHNSON,91.37,92.32,91.16,91.42
6266,1,17-12-2013,JNJ,JOHNSON & JOHNSON,90.66,91.33,90.5,91.3
6266,1,18-12-2013,JNJ,JOHNSON & JOHNSON,92.64,92.66,89.77,90.95
6266,1,19-12-2013,JNJ,JOHNSON & JOHNSON,91.98,92.4,91.415,92.4
6266,1,20-12-2013,JNJ,JOHNSON & JOHNSON,92.09,92.75,91.95,91.95
6266,1,23-12-2013,JNJ,JOHNSON & JOHNSON,92.03,92.68,91.76,92.56
6266,1,24-12-2013,JNJ,JOHNSON & JOHNSON,92.06,92.39,91.85,92.18
6266,1,26-12-2013,JNJ,JOHNSON & JOHNSON,92.54,92.54,91.77,91.99
6266,1,27-12-2013,JNJ,JOHNSON & JOHNSON,92.35,92.96,92.18,92.77
6266,1,30-12-2013,JNJ,JOHNSON & JOHNSON,92.3,92.3,91.73,92.16
6266,1,31-12-2013,JNJ,JOHNSON & JOHNSON,91.59,92.216,91.151,92.17
6266,1,02-01-2014,JNJ,JOHNSON & JOHNSON,91.03,91.73,91.01,91.14
6266,1,03-01-2014,JNJ,JOHNSON & JOHNSON,91.85,92.22,91.26,91.29
6266,1,06-01-2014,JNJ,JOHNSON & JOHNSON,92.33,92.75,91.87,91.93
6266,1,07-01-2014,JNJ,JOHNSON & JOHNSON,94.29,94.62,92.99,93.04
6266,1,08-01-2014,JNJ,JOHNSON & JOHNSON,94.16,94.6,93.88,94.17
6266,1,09-01-2014,JNJ,JOHNSON & JOHNSON,94.73,95.38,94.09,94.94
6266,1,10-01-2014,JNJ,JOHNSON & JOHNSON,94.74,94.975,94.14,94.64
6266,1,13-01-2014,JNJ,JOHNSON & JOHNSON,94.5,94.99,94.06,94.37
6266,1,14-01-2014,JNJ,JOHNSON & JOHNSON,94.72,94.9,94.32,94.6
6266,1,15-01-2014,JNJ,JOHNSON & JOHNSON,94.8,95.2701,94.51,94.65
6266,1,16-01-2014,JNJ,JOHNSON & JOHNSON,94.64,95.0884,94.23,94.6
6266,1,17-01-2014,JNJ,JOHNSON & JOHNSON,95.06,95.17,94.38,94.72
6266,1,21-01-2014,JNJ,JOHNSON & JOHNSON,94.03,95.1,92.62,94.93
6266,1,22-01-2014,JNJ,JOHNSON & JOHNSON,94.32,94.55,93.54,93.99
6266,1,23-01-2014,JNJ,JOHNSON & JOHNSON,92.74,93.8,92.41,93.74
6266,1,24-01-2014,JNJ,JOHNSON & JOHNSON,90.61,92.61,90.61,92.12
6266,1,27-01-2014,JNJ,JOHNSON & JOHNSON,89.94,90.76,89.85,90.3
6266,1,28-01-2014,JNJ,JOHNSON & JOHNSON,90.1,90.6,89.79,90.58
6266,1,29-01-2014,JNJ,JOHNSON & JOHNSON,88.9,89.71,88.53,89.47
6266,1,30-01-2014,JNJ,JOHNSON & JOHNSON,89.5,89.78,89.01,89.62
6266,1,31-01-2014,JNJ,JOHNSON & JOHNSON,88.47,89.34,88.15,89.01
6266,1,03-02-2014,JNJ,JOHNSON & JOHNSON,86.78,88.78,86.61,88.75
6266,1,04-02-2014,JNJ,JOHNSON & JOHNSON,86.62,87.28,86.09,86.93
6266,1,05-02-2014,JNJ,JOHNSON & JOHNSON,87.28,87.67,86.48,86.49
6266,1,06-02-2014,JNJ,JOHNSON & JOHNSON,88.75,88.76,87.55,87.63
6266,1,07-02-2014,JNJ,JOHNSON & JOHNSON,90.04,90.04,88.61,88.92
6266,1,10-02-2014,JNJ,JOHNSON & JOHNSON,91.07,91.08,89.8,90.24
6266,1,11-02-2014,JNJ,JOHNSON & JOHNSON,92.97,92.97,90.95,91.09
6266,1,12-02-2014,JNJ,JOHNSON & JOHNSON,92.42,92.99,91.95,92.95
6266,1,13-02-2014,JNJ,JOHNSON & JOHNSON,92.56,92.62,91.71,92
6266,1,14-02-2014,JNJ,JOHNSON & JOHNSON,92.76,92.945,92.0282,92.6
6266,1,18-02-2014,JNJ,JOHNSON & JOHNSON,92.17,92.85,92.09,92.77
6266,1,19-02-2014,JNJ,JOHNSON & JOHNSON,91.64,92.75,91.57,92.15
6266,1,20-02-2014,JNJ,JOHNSON & JOHNSON,92.38,92.73,91.31,91.69
6266,1,21-02-2014,JNJ,JOHNSON & JOHNSON,91.52,92.245,91.45,91.86
6266,1,24-02-2014,JNJ,JOHNSON & JOHNSON,91.11,92.06,91.1,91.45
6266,1,25-02-2014,JNJ,JOHNSON & JOHNSON,91.11,91.87,90.66,91.59
6266,1,26-02-2014,JNJ,JOHNSON & JOHNSON,91.11,91.54,90.77,91.11
6266,1,27-02-2014,JNJ,JOHNSON & JOHNSON,91.36,91.42,90.75,91.16
6266,1,28-02-2014,JNJ,JOHNSON & JOHNSON,92.12,92.64,91.06,91.42
6266,1,03-03-2014,JNJ,JOHNSON & JOHNSON,91.56,91.98,90.83,91.13
6266,1,04-03-2014,JNJ,JOHNSON & JOHNSON,93.34,93.46,92.25,92.47
6266,1,05-03-2014,JNJ,JOHNSON & JOHNSON,92.59,93.3,92.38,93.27
6266,1,06-03-2014,JNJ,JOHNSON & JOHNSON,92.89,93.65,92.82,93.19
6266,1,07-03-2014,JNJ,JOHNSON & JOHNSON,93.32,93.48,92.6901,93.37
6266,1,10-03-2014,JNJ,JOHNSON & JOHNSON,93.45,93.49,92.79,93.17
6266,1,11-03-2014,JNJ,JOHNSON & JOHNSON,93.49,93.75,93.09,93.71
6266,1,12-03-2014,JNJ,JOHNSON & JOHNSON,93.6,93.62,92.65,92.82
6266,1,13-03-2014,JNJ,JOHNSON & JOHNSON,93,94.2,92.98,93.85
6266,1,14-03-2014,JNJ,JOHNSON & JOHNSON,92.81,93.44,92.46,92.88
6266,1,17-03-2014,JNJ,JOHNSON & JOHNSON,93.93,94.18,93.18,93.26
6266,1,18-03-2014,JNJ,JOHNSON & JOHNSON,93.94,94.24,93.48,93.9
6266,1,19-03-2014,JNJ,JOHNSON & JOHNSON,93.59,94.36,92.92,93.89
6266,1,20-03-2014,JNJ,JOHNSON & JOHNSON,94.12,94.19,92.96,93.52
6266,1,21-03-2014,JNJ,JOHNSON & JOHNSON,95.93,95.93,93.88,94.77
6266,1,24-03-2014,JNJ,JOHNSON & JOHNSON,95.2,95.43,94.54,95.3
6266,1,25-03-2014,JNJ,JOHNSON & JOHNSON,97.38,97.7,95.7,95.7
6266,1,26-03-2014,JNJ,JOHNSON & JOHNSON,97.05,98.47,97.05,97.51
6266,1,27-03-2014,JNJ,JOHNSON & JOHNSON,97.28,97.7,96.26,97.08
6266,1,28-03-2014,JNJ,JOHNSON & JOHNSON,97.44,98.22,96.96,97.51
6266,1,31-03-2014,JNJ,JOHNSON & JOHNSON,98.23,98.6,97.61,98
6266,1,01-04-2014,JNJ,JOHNSON & JOHNSON,97.94,98.68,97.37,98.31
6266,1,02-04-2014,JNJ,JOHNSON & JOHNSON,98.23,98.39,97.37,98.01
6266,1,03-04-2014,JNJ,JOHNSON & JOHNSON,98.26,98.34,97.53,97.97
6266,1,04-04-2014,JNJ,JOHNSON & JOHNSON,98.42,99.38,98.32,98.62
6266,1,07-04-2014,JNJ,JOHNSON & JOHNSON,97.89,99.36,97.83,98.39
6266,1,08-04-2014,JNJ,JOHNSON & JOHNSON,98.06,98.725,97.5,98.03
6266,1,09-04-2014,JNJ,JOHNSON & JOHNSON,98.95,99,97.78,98.42
6266,1,10-04-2014,JNJ,JOHNSON & JOHNSON,96.54,98.93,96.52,98.86
6266,1,11-04-2014,JNJ,JOHNSON & JOHNSON,96.87,97.199,96.05,96.2
6266,1,14-04-2014,JNJ,JOHNSON & JOHNSON,97.14,97.36,96.25,97.28
6266,1,15-04-2014,JNJ,JOHNSON & JOHNSON,99.2,99.21,98.05,98.45
6266,1,16-04-2014,JNJ,JOHNSON & JOHNSON,98.75,99.71,98.07,99.57
6266,1,17-04-2014,JNJ,JOHNSON & JOHNSON,98.96,99.65,98.69,98.69
6266,1,21-04-2014,JNJ,JOHNSON & JOHNSON,100,100.13,98.67,99.01
6266,1,22-04-2014,JNJ,JOHNSON & JOHNSON,100.18,100.75,99.74,100
6266,1,23-04-2014,JNJ,JOHNSON & JOHNSON,100.22,100.56,99.92,100.24
6266,1,24-04-2014,JNJ,JOHNSON & JOHNSON,99.96,100.37,99.55,100.24
6266,1,25-04-2014,JNJ,JOHNSON & JOHNSON,99.79,100.26,99.4,99.97
6266,1,28-04-2014,JNJ,JOHNSON & JOHNSON,101.34,101.5,100.1201,100.56
6266,1,29-04-2014,JNJ,JOHNSON & JOHNSON,101.03,101.98,100.96,101.63
6266,1,30-04-2014,JNJ,JOHNSON & JOHNSON,101.29,101.67,100.7,100.84
6266,1,01-05-2014,JNJ,JOHNSON & JOHNSON,100.53,101.03,99.93,100.77
6266,1,02-05-2014,JNJ,JOHNSON & JOHNSON,99.31,100.38,98.88,100.17
6266,1,05-05-2014,JNJ,JOHNSON & JOHNSON,100,100.17,99.04,99.29
6266,1,06-05-2014,JNJ,JOHNSON & JOHNSON,99.51,100.02,99.51,100.02
6266,1,07-05-2014,JNJ,JOHNSON & JOHNSON,100.91,101.045,99.35,99.85
6266,1,08-05-2014,JNJ,JOHNSON & JOHNSON,100.5,101.09,100.36,100.67
6266,1,09-05-2014,JNJ,JOHNSON & JOHNSON,100.91,101.25,100.41,100.86
6266,1,12-05-2014,JNJ,JOHNSON & JOHNSON,100.52,101.24,100.42,101.24
6266,1,13-05-2014,JNJ,JOHNSON & JOHNSON,101.02,101.49,100.625,100.9
6266,1,14-05-2014,JNJ,JOHNSON & JOHNSON,100.87,101.1,100.77,100.95
6266,1,15-05-2014,JNJ,JOHNSON & JOHNSON,100.69,100.84,100.41,100.64
6266,1,16-05-2014,JNJ,JOHNSON & JOHNSON,100.58,100.89,100.14,100.57
6266,1,19-05-2014,JNJ,JOHNSON & JOHNSON,100.64,100.93,100.125,100.22
6266,1,20-05-2014,JNJ,JOHNSON & JOHNSON,100.25,100.98,99.96,100.81
6266,1,21-05-2014,JNJ,JOHNSON & JOHNSON,101.14,101.2,100.53,100.6
6266,1,22-05-2014,JNJ,JOHNSON & JOHNSON,100.96,101.01,100.08,100.58
6266,1,23-05-2014,JNJ,JOHNSON & JOHNSON,100.98,101.16,100.67,101.04
6266,1,27-05-2014,JNJ,JOHNSON & JOHNSON,100.81,101.36,100.265,101.1
6266,1,28-05-2014,JNJ,JOHNSON & JOHNSON,100.3,100.93,100.12,100.67
6266,1,29-05-2014,JNJ,JOHNSON & JOHNSON,100.76,100.795,100.15,100.56
6266,1,30-05-2014,JNJ,JOHNSON & JOHNSON,101.46,101.54,100.55,100.7
6266,1,02-06-2014,JNJ,JOHNSON & JOHNSON,102.17,102.26,101.01,101.54
6266,1,03-06-2014,JNJ,JOHNSON & JOHNSON,102.46,102.6,101.84,101.91
6266,1,04-06-2014,JNJ,JOHNSON & JOHNSON,102.68,102.71,101.94,102.23
6266,1,05-06-2014,JNJ,JOHNSON & JOHNSON,103.22,103.36,102.42,102.78
6266,1,06-06-2014,JNJ,JOHNSON & JOHNSON,103.18,103.33,102.8386,103.25
6266,1,09-06-2014,JNJ,JOHNSON & JOHNSON,103.22,103.23,102.68,103.07
6266,1,10-06-2014,JNJ,JOHNSON & JOHNSON,104.1,104.12,102.77,103.47
6266,1,11-06-2014,JNJ,JOHNSON & JOHNSON,103.32,104.15,103.133,103.81
6266,1,12-06-2014,JNJ,JOHNSON & JOHNSON,102.53,103.21,102.51,103.18
6266,1,13-06-2014,JNJ,JOHNSON & JOHNSON,102.53,102.65,102.17,102.51
6266,1,16-06-2014,JNJ,JOHNSON & JOHNSON,102.45,102.89,101.84,102.52
6266,1,17-06-2014,JNJ,JOHNSON & JOHNSON,101.93,102.2,101.38,102.13
6266,1,18-06-2014,JNJ,JOHNSON & JOHNSON,102.81,102.83,101.8603,101.91
6266,1,19-06-2014,JNJ,JOHNSON & JOHNSON,103.81,103.87,102.81,102.93
6266,1,20-06-2014,JNJ,JOHNSON & JOHNSON,105.27,105.48,104.07,104.37
6266,1,23-06-2014,JNJ,JOHNSON & JOHNSON,104.75,105.12,104.44,104.91
6266,1,24-06-2014,JNJ,JOHNSON & JOHNSON,104.59,105.23,104.55,104.63
6266,1,25-06-2014,JNJ,JOHNSON & JOHNSON,105.76,105.87,104.23,104.23
6266,1,26-06-2014,JNJ,JOHNSON & JOHNSON,105.65,105.97,105.03,105.84
6266,1,27-06-2014,JNJ,JOHNSON & JOHNSON,104.99,105.59,104.45,105.47
6266,1,30-06-2014,JNJ,JOHNSON & JOHNSON,104.62,106,104.52,105.62
6266,1,01-07-2014,JNJ,JOHNSON & JOHNSON,105.87,106,104.99,105.15
6266,1,02-07-2014,JNJ,JOHNSON & JOHNSON,105.86,105.97,105.295,105.7
6266,1,03-07-2014,JNJ,JOHNSON & JOHNSON,105.42,106.25,105.11,105.87
6266,1,07-07-2014,JNJ,JOHNSON & JOHNSON,106.47,106.74,105.27,105.42
6266,1,08-07-2014,JNJ,JOHNSON & JOHNSON,105.72,106.25,105.52,106.21
6266,1,09-07-2014,JNJ,JOHNSON & JOHNSON,106.04,106.21,105.72,106
6266,1,10-07-2014,JNJ,JOHNSON & JOHNSON,105.8,106,104.52,105.08
6266,1,11-07-2014,JNJ,JOHNSON & JOHNSON,105.1,106.009,104.86,105.84
6266,1,14-07-2014,JNJ,JOHNSON & JOHNSON,105.38,105.49,105.11,105.38
6266,1,15-07-2014,JNJ,JOHNSON & JOHNSON,103.28,105.47,102.77,105.23
6266,1,16-07-2014,JNJ,JOHNSON & JOHNSON,102.22,103.67,101.95,103.53
6266,1,17-07-2014,JNJ,JOHNSON & JOHNSON,100.37,102.1,100.26,101.9
6266,1,18-07-2014,JNJ,JOHNSON & JOHNSON,101.8,101.96,100.37,100.67
6266,1,21-07-2014,JNJ,JOHNSON & JOHNSON,101.27,101.58,101.02,101.44
6266,1,22-07-2014,JNJ,JOHNSON & JOHNSON,102.47,102.54,101.78,101.91
6266,1,23-07-2014,JNJ,JOHNSON & JOHNSON,102.19,102.93,101.8832,102.8
6266,1,24-07-2014,JNJ,JOHNSON & JOHNSON,102.2,102.73,102.02,102.34
6266,1,25-07-2014,JNJ,JOHNSON & JOHNSON,102.11,102.4,101.8,102.27
6266,1,28-07-2014,JNJ,JOHNSON & JOHNSON,102.11,102.4,101.66,101.89
6266,1,29-07-2014,JNJ,JOHNSON & JOHNSON,101.96,102.51,101.69,102.45
6266,1,30-07-2014,JNJ,JOHNSON & JOHNSON,102.3,102.85,101.81,102.27
6266,1,31-07-2014,JNJ,JOHNSON & JOHNSON,100.09,101.84,100.05,101.77
6266,1,01-08-2014,JNJ,JOHNSON & JOHNSON,99.9,100.41,98.8,99.76
6266,1,04-08-2014,JNJ,JOHNSON & JOHNSON,100.16,100.375,99.315,99.99
6266,1,05-08-2014,JNJ,JOHNSON & JOHNSON,99.82,100.24,99.55,99.83
6266,1,06-08-2014,JNJ,JOHNSON & JOHNSON,100.71,100.83,99.6,99.67
6266,1,07-08-2014,JNJ,JOHNSON & JOHNSON,99.93,101.19,99.58,101.09
6266,1,08-08-2014,JNJ,JOHNSON & JOHNSON,101.08,101.15,99.77,100.21
6266,1,11-08-2014,JNJ,JOHNSON & JOHNSON,101.16,101.78,101.01,101.62
6266,1,12-08-2014,JNJ,JOHNSON & JOHNSON,100.63,101.22,100.31,101
6266,1,13-08-2014,JNJ,JOHNSON & JOHNSON,101.74,101.95,101.15,101.15
6266,1,14-08-2014,JNJ,JOHNSON & JOHNSON,102.02,102.05,101.5,101.89
6266,1,15-08-2014,JNJ,JOHNSON & JOHNSON,101.17,102.44,100.8,102.21
6266,1,18-08-2014,JNJ,JOHNSON & JOHNSON,102.7,102.72,101.75,101.92
6266,1,19-08-2014,JNJ,JOHNSON & JOHNSON,102.96,102.96,102.02,102.73
6266,1,20-08-2014,JNJ,JOHNSON & JOHNSON,103.21,103.3,102.7,102.87
6266,1,21-08-2014,JNJ,JOHNSON & JOHNSON,104.19,104.42,103.33,103.33
6266,1,22-08-2014,JNJ,JOHNSON & JOHNSON,103.1,104.03,102.97,103.63
6266,1,25-08-2014,JNJ,JOHNSON & JOHNSON,103.23,103.81,103.09,103.65
6266,1,26-08-2014,JNJ,JOHNSON & JOHNSON,103.44,103.72,103.17,103.47
6266,1,27-08-2014,JNJ,JOHNSON & JOHNSON,103.22,103.72,102.91,103.6
6266,1,28-08-2014,JNJ,JOHNSON & JOHNSON,102.95,103.19,102.71,102.9
6266,1,29-08-2014,JNJ,JOHNSON & JOHNSON,103.73,103.76,103.0069,103.1
6266,1,02-09-2014,JNJ,JOHNSON & JOHNSON,103.36,103.7097,103.02,103.3
6266,1,03-09-2014,JNJ,JOHNSON & JOHNSON,103.76,104.1,103.54,103.82
6266,1,04-09-2014,JNJ,JOHNSON & JOHNSON,103.84,104.1,103.76,103.99
6266,1,05-09-2014,JNJ,JOHNSON & JOHNSON,104.42,104.42,103.34,103.92
6266,1,08-09-2014,JNJ,JOHNSON & JOHNSON,104.05,104.58,103.83,104.42
6266,1,09-09-2014,JNJ,JOHNSON & JOHNSON,103.8,104.4,103.55,104.4
6266,1,10-09-2014,JNJ,JOHNSON & JOHNSON,104.99,105.34,103.96,104.19
6266,1,11-09-2014,JNJ,JOHNSON & JOHNSON,104.55,104.89,104.0999,104.78
6266,1,12-09-2014,JNJ,JOHNSON & JOHNSON,104.58,104.805,103.96,104.54
6266,1,15-09-2014,JNJ,JOHNSON & JOHNSON,104.72,104.91,104.35,104.59
6266,1,16-09-2014,JNJ,JOHNSON & JOHNSON,105.88,105.94,104.3,104.49
6266,1,17-09-2014,JNJ,JOHNSON & JOHNSON,106.19,106.63,105.8,105.88
6266,1,18-09-2014,JNJ,JOHNSON & JOHNSON,107.35,107.41,106.03,106.18
6266,1,19-09-2014,JNJ,JOHNSON & JOHNSON,107.99,108.37,107.62,107.89
6266,1,22-09-2014,JNJ,JOHNSON & JOHNSON,107.88,108.25,107.775,108
6266,1,23-09-2014,JNJ,JOHNSON & JOHNSON,107.46,108.1,107.19,107.77
6266,1,24-09-2014,JNJ,JOHNSON & JOHNSON,108.64,108.77,107.34,107.7
6266,1,25-09-2014,JNJ,JOHNSON & JOHNSON,107.1,108.55,107.07,108.53
6266,1,26-09-2014,JNJ,JOHNSON & JOHNSON,107.1,107.49,106.2,107.41
6266,1,29-09-2014,JNJ,JOHNSON & JOHNSON,106.54,106.65,106.04,106.38
6266,1,30-09-2014,JNJ,JOHNSON & JOHNSON,106.59,107.2099,106.45,106.5
6266,1,01-10-2014,JNJ,JOHNSON & JOHNSON,104.3,106.28,103.95,105.98
6266,1,02-10-2014,JNJ,JOHNSON & JOHNSON,103.85,104.54,103.25,104.06
6266,1,03-10-2014,JNJ,JOHNSON & JOHNSON,105.13,105.19,104.13,104.23
6266,1,06-10-2014,JNJ,JOHNSON & JOHNSON,104.86,106,104.365,105.68
6266,1,07-10-2014,JNJ,JOHNSON & JOHNSON,102.39,104.46,102.34,104.46
6266,1,08-10-2014,JNJ,JOHNSON & JOHNSON,104.91,105.03,102.0401,102.43
6266,1,09-10-2014,JNJ,JOHNSON & JOHNSON,102.08,104.86,101.79,104.63
6266,1,10-10-2014,JNJ,JOHNSON & JOHNSON,101.23,102.53,101.23,102.35
6266,1,13-10-2014,JNJ,JOHNSON & JOHNSON,99.12,101.46,99.02,101.46
6266,1,14-10-2014,JNJ,JOHNSON & JOHNSON,97.01,100.9,95.34,100.53
6266,1,15-10-2014,JNJ,JOHNSON & JOHNSON,98.21,98.72,95.1,96.05
6266,1,16-10-2014,JNJ,JOHNSON & JOHNSON,96.78,98,96.5,96.97
6266,1,17-10-2014,JNJ,JOHNSON & JOHNSON,98.7,99.15,97.31,97.54
6266,1,20-10-2014,JNJ,JOHNSON & JOHNSON,99.2,99.2,98.32,98.83
6266,1,21-10-2014,JNJ,JOHNSON & JOHNSON,100.36,100.38,99.34,99.83
6266,1,22-10-2014,JNJ,JOHNSON & JOHNSON,101.22,101.79,100.52,101.1
6266,1,23-10-2014,JNJ,JOHNSON & JOHNSON,102.63,102.98,101.94,102.26
6266,1,24-10-2014,JNJ,JOHNSON & JOHNSON,103.13,103.29,102.2056,102.95
6266,1,27-10-2014,JNJ,JOHNSON & JOHNSON,104.07,104.24,103.035,103.07
6266,1,28-10-2014,JNJ,JOHNSON & JOHNSON,104.79,104.8,103.56,104.55
6266,1,29-10-2014,JNJ,JOHNSON & JOHNSON,105.56,105.56,104.86,105
6266,1,30-10-2014,JNJ,JOHNSON & JOHNSON,107.04,107.05,104.91,105.17
6266,1,31-10-2014,JNJ,JOHNSON & JOHNSON,107.78,108.18,107.26,107.94
6266,1,03-11-2014,JNJ,JOHNSON & JOHNSON,107.46,108.12,106.75,107.83
6266,1,04-11-2014,JNJ,JOHNSON & JOHNSON,108.62,108.73,107.34,107.89
6266,1,05-11-2014,JNJ,JOHNSON & JOHNSON,108.82,109.26,107.95,109.05
6266,1,06-11-2014,JNJ,JOHNSON & JOHNSON,109.01,109.32,108.55,108.93
6266,1,07-11-2014,JNJ,JOHNSON & JOHNSON,108.2,109.03,107.92,109
6266,1,10-11-2014,JNJ,JOHNSON & JOHNSON,108.82,108.92,107.2,108.07
6266,1,11-11-2014,JNJ,JOHNSON & JOHNSON,108.91,109.4,108.55,108.88
6266,1,12-11-2014,JNJ,JOHNSON & JOHNSON,108.75,109,108.3862,108.67
6266,1,13-11-2014,JNJ,JOHNSON & JOHNSON,109.07,109.49,108.5,109.05
6266,1,14-11-2014,JNJ,JOHNSON & JOHNSON,108.16,109.06,108.01,108.92
6266,1,17-11-2014,JNJ,JOHNSON & JOHNSON,108.3,108.69,107.61,108
6266,1,18-11-2014,JNJ,JOHNSON & JOHNSON,108.83,109.06,107.72,108.13
6266,1,19-11-2014,JNJ,JOHNSON & JOHNSON,108.76,108.81,108.1,108.45
6266,1,20-11-2014,JNJ,JOHNSON & JOHNSON,108.18,108.57,107.69,108.55
6266,1,21-11-2014,JNJ,JOHNSON & JOHNSON,107.86,108.73,107.62,108.73
6266,1,24-11-2014,JNJ,JOHNSON & JOHNSON,106.88,108.23,106.64,107.92
6266,1,25-11-2014,JNJ,JOHNSON & JOHNSON,106.7,107.19,106.7,106.98
6266,1,26-11-2014,JNJ,JOHNSON & JOHNSON,107.21,107.25,106.6,106.77
6266,1,28-11-2014,JNJ,JOHNSON & JOHNSON,108.25,108.82,107.33,107.61
6266,1,01-12-2014,JNJ,JOHNSON & JOHNSON,108.03,108.813,107.35,107.89
6266,1,02-12-2014,JNJ,JOHNSON & JOHNSON,108.51,108.53,107.5,107.97
6266,1,03-12-2014,JNJ,JOHNSON & JOHNSON,107.72,108.99,107.65,108.54
6266,1,04-12-2014,JNJ,JOHNSON & JOHNSON,107.56,108.3,107.38,108.09
6266,1,05-12-2014,JNJ,JOHNSON & JOHNSON,108.51,108.74,107.221,107.53
6266,1,08-12-2014,JNJ,JOHNSON & JOHNSON,108.52,108.88,108.1405,108.42
6266,1,09-12-2014,JNJ,JOHNSON & JOHNSON,108.05,108.47,106.89,108.22
6266,1,10-12-2014,JNJ,JOHNSON & JOHNSON,106.24,107.96,106.15,107.61
6266,1,11-12-2014,JNJ,JOHNSON & JOHNSON,106.72,107.305,105.36,105.85
6266,1,12-12-2014,JNJ,JOHNSON & JOHNSON,104.43,106.87,104.39,106.65
6266,1,15-12-2014,JNJ,JOHNSON & JOHNSON,103.96,105.06,103.63,104.77
6266,1,16-12-2014,JNJ,JOHNSON & JOHNSON,102.76,105.21,102.5,103.48
6266,1,17-12-2014,JNJ,JOHNSON & JOHNSON,104.07,104.49,102.7,103.27
6266,1,18-12-2014,JNJ,JOHNSON & JOHNSON,106.81,106.82,104.74,105.62
6266,1,19-12-2014,JNJ,JOHNSON & JOHNSON,105.55,107.39,105.5,106.63
6266,1,22-12-2014,JNJ,JOHNSON & JOHNSON,106.74,106.83,105.67,105.69
6266,1,23-12-2014,JNJ,JOHNSON & JOHNSON,104.28,106.91,103.92,106.66
6266,1,24-12-2014,JNJ,JOHNSON & JOHNSON,104.59,105.33,104.38,104.38
6266,1,26-12-2014,JNJ,JOHNSON & JOHNSON,105.06,105.69,104.69,105.07
6266,1,29-12-2014,JNJ,JOHNSON & JOHNSON,105.33,105.69,104.61,104.64
6266,1,30-12-2014,JNJ,JOHNSON & JOHNSON,105.36,105.8,105.06,105.42
6266,1,31-12-2014,JNJ,JOHNSON & JOHNSON,104.57,106.11,104.54,105.61
6266,1,02-01-2015,JNJ,JOHNSON & JOHNSON,104.52,105.55,104.13,105.05
6266,1,05-01-2015,JNJ,JOHNSON & JOHNSON,103.79,104.73,103.682,104.48
6266,1,06-01-2015,JNJ,JOHNSON & JOHNSON,103.28,104.99,102.94,104.34
6266,1,07-01-2015,JNJ,JOHNSON & JOHNSON,105.56,105.83,103.81,103.91
6266,1,08-01-2015,JNJ,JOHNSON & JOHNSON,106.39,106.49,105.75,106.06
6266,1,09-01-2015,JNJ,JOHNSON & JOHNSON,104.94,106.5,104.75,106.5
6266,1,12-01-2015,JNJ,JOHNSON & JOHNSON,104.58,105.82,104.3,105.17
6266,1,13-01-2015,JNJ,JOHNSON & JOHNSON,104.76,106.33,104.24,105.44
6266,1,14-01-2015,JNJ,JOHNSON & JOHNSON,104,104.43,103.51,103.86
6266,1,15-01-2015,JNJ,JOHNSON & JOHNSON,102.49,103.93,101.95,102.97
6266,1,16-01-2015,JNJ,JOHNSON & JOHNSON,104.04,104.62,102,102.06
6266,1,20-01-2015,JNJ,JOHNSON & JOHNSON,101.29,102.05,100.26,101.55
6266,1,21-01-2015,JNJ,JOHNSON & JOHNSON,101.9,102.1,100.4,100.56
6266,1,22-01-2015,JNJ,JOHNSON & JOHNSON,103.76,103.83,101.57,102.39
6266,1,23-01-2015,JNJ,JOHNSON & JOHNSON,102.2,102.97,101.9397,102.94
6266,1,26-01-2015,JNJ,JOHNSON & JOHNSON,102.26,102.45,101.21,101.8
6266,1,27-01-2015,JNJ,JOHNSON & JOHNSON,102.09,102.7671,100.93,101.83
6266,1,28-01-2015,JNJ,JOHNSON & JOHNSON,101.48,102.93,101.44,102.48
6266,1,29-01-2015,JNJ,JOHNSON & JOHNSON,102.38,102.46,100.67,101.51
6266,1,30-01-2015,JNJ,JOHNSON & JOHNSON,100.14,102,100.09,101.58
6266,1,02-02-2015,JNJ,JOHNSON & JOHNSON,100.83,100.85,99.38,100.49
6266,1,03-02-2015,JNJ,JOHNSON & JOHNSON,102.46,102.56,101.12,101.4
6266,1,04-02-2015,JNJ,JOHNSON & JOHNSON,101.36,102.45,101.02,102.12
6266,1,05-02-2015,JNJ,JOHNSON & JOHNSON,102.46,102.56,101.46,101.57
6266,1,06-02-2015,JNJ,JOHNSON & JOHNSON,101.1,102.45,100.83,102.11
6266,1,09-02-2015,JNJ,JOHNSON & JOHNSON,99.78,101.06,99.1,101.06
6266,1,10-02-2015,JNJ,JOHNSON & JOHNSON,100.35,100.7,99.425,100.19
6266,1,11-02-2015,JNJ,JOHNSON & JOHNSON,100.38,100.79,99.95,100.46
6266,1,12-02-2015,JNJ,JOHNSON & JOHNSON,98.44,100.54,97.15,100.5
6266,1,13-02-2015,JNJ,JOHNSON & JOHNSON,99.62,99.67,98.33,98.44
6266,1,17-02-2015,JNJ,JOHNSON & JOHNSON,100.44,100.48,99.12,99.39
6266,1,18-02-2015,JNJ,JOHNSON & JOHNSON,99.96,100.94,99.38,100.7
6266,1,19-02-2015,JNJ,JOHNSON & JOHNSON,100.7,100.84,99.61,99.95
6266,1,20-02-2015,JNJ,JOHNSON & JOHNSON,100.26,100.366,99.11,100.18
6266,1,23-02-2015,JNJ,JOHNSON & JOHNSON,100.18,100.77,99.8,100.74
6266,1,24-02-2015,JNJ,JOHNSON & JOHNSON,100.7,101.05,100,100.25
6266,1,25-02-2015,JNJ,JOHNSON & JOHNSON,101.21,101.29,100.16,100.94
6266,1,26-02-2015,JNJ,JOHNSON & JOHNSON,102.8,103.18,101.22,101.38
6266,1,27-02-2015,JNJ,JOHNSON & JOHNSON,102.51,103.33,102.48,103.04
6266,1,02-03-2015,JNJ,JOHNSON & JOHNSON,103.22,103.41,102.7,102.86
6266,1,03-03-2015,JNJ,JOHNSON & JOHNSON,102.34,103.1,101.81,103.1
6266,1,04-03-2015,JNJ,JOHNSON & JOHNSON,101.65,102.12,101.17,102.12
6266,1,05-03-2015,JNJ,JOHNSON & JOHNSON,102.52,103.21,102,102.07
6266,1,06-03-2015,JNJ,JOHNSON & JOHNSON,100.11,102.43,99.88,102.09
6266,1,09-03-2015,JNJ,JOHNSON & JOHNSON,100.66,100.92,99.76,100.2
6266,1,10-03-2015,JNJ,JOHNSON & JOHNSON,99.53,100.44,99.51,99.99
6266,1,11-03-2015,JNJ,JOHNSON & JOHNSON,98.32,99.83,98.22,99.83
6266,1,12-03-2015,JNJ,JOHNSON & JOHNSON,99.83,100.24,98.83,98.96
6266,1,13-03-2015,JNJ,JOHNSON & JOHNSON,99.21,100.05,98.6393,99.85
6266,1,16-03-2015,JNJ,JOHNSON & JOHNSON,101.06,101.07,99.74,99.74
6266,1,17-03-2015,JNJ,JOHNSON & JOHNSON,99.89,100.52,99.41,100.11
6266,1,18-03-2015,JNJ,JOHNSON & JOHNSON,101.46,101.74,99.13,99.89
6266,1,19-03-2015,JNJ,JOHNSON & JOHNSON,101.69,101.955,100.91,101.04
6266,1,20-03-2015,JNJ,JOHNSON & JOHNSON,102.4,102.9,101.76,101.87
6266,1,23-03-2015,JNJ,JOHNSON & JOHNSON,102.98,103.35,102.23,102.47
6266,1,24-03-2015,JNJ,JOHNSON & JOHNSON,101.96,103.23,101.93,102.83
6266,1,25-03-2015,JNJ,JOHNSON & JOHNSON,100.34,102.5,100.34,101.85
6266,1,26-03-2015,JNJ,JOHNSON & JOHNSON,100.14,100.81,99.56,99.95
6266,1,27-03-2015,JNJ,JOHNSON & JOHNSON,100.34,100.95,100.15,100.28
6266,1,30-03-2015,JNJ,JOHNSON & JOHNSON,101.55,101.86,100.76,101.24
6266,1,31-03-2015,JNJ,JOHNSON & JOHNSON,100.6,101.49,100.59,100.97
6266,1,01-04-2015,JNJ,JOHNSON & JOHNSON,99.15,100.46,98.61,100.46
6266,1,02-04-2015,JNJ,JOHNSON & JOHNSON,99.64,99.99,98.89,99.44
6266,1,06-04-2015,JNJ,JOHNSON & JOHNSON,99.16,99.56,98.04,98.84
6266,1,07-04-2015,JNJ,JOHNSON & JOHNSON,100.1,100.87,99.433,99.55
6266,1,08-04-2015,JNJ,JOHNSON & JOHNSON,100.16,100.45,99.6,99.84
6266,1,09-04-2015,JNJ,JOHNSON & JOHNSON,101.33,101.65,100.33,100.57
6266,1,10-04-2015,JNJ,JOHNSON & JOHNSON,102.06,102.14,100.93,101.33
6266,1,13-04-2015,JNJ,JOHNSON & JOHNSON,100.55,101.98,100.55,101.54
6266,1,14-04-2015,JNJ,JOHNSON & JOHNSON,100.52,101.46,100.185,101.05
6266,1,15-04-2015,JNJ,JOHNSON & JOHNSON,100.6,101.24,100.33,100.54
6266,1,16-04-2015,JNJ,JOHNSON & JOHNSON,99.79,100.3199,99.77,100.27
6266,1,17-04-2015,JNJ,JOHNSON & JOHNSON,99.58,99.8515,99.11,99.37
6266,1,20-04-2015,JNJ,JOHNSON & JOHNSON,100.21,100.88,100.05,100.26
6266,1,21-04-2015,JNJ,JOHNSON & JOHNSON,100.3,100.99,100.16,100.66
6266,1,22-04-2015,JNJ,JOHNSON & JOHNSON,100.43,100.8,99.96,100.63
6266,1,23-04-2015,JNJ,JOHNSON & JOHNSON,100.46,100.82,99.91,100.5
6266,1,24-04-2015,JNJ,JOHNSON & JOHNSON,101.08,101.529,100,100.11
6266,1,27-04-2015,JNJ,JOHNSON & JOHNSON,100.58,101.6,100.47,101.16
6266,1,28-04-2015,JNJ,JOHNSON & JOHNSON,100.74,100.9455,99.31,100.45
6266,1,29-04-2015,JNJ,JOHNSON & JOHNSON,100.39,100.61,99.9,100.51
6266,1,30-04-2015,JNJ,JOHNSON & JOHNSON,99.2,100.15,98.77,100.07
6266,1,01-05-2015,JNJ,JOHNSON & JOHNSON,100.13,100.39,99.62,99.62
6266,1,04-05-2015,JNJ,JOHNSON & JOHNSON,100.35,100.55,100.16,100.33
6266,1,05-05-2015,JNJ,JOHNSON & JOHNSON,99.5,100.29,99.29,100.13
6266,1,06-05-2015,JNJ,JOHNSON & JOHNSON,99.17,99.87,98.66,99.62
6266,1,07-05-2015,JNJ,JOHNSON & JOHNSON,99.66,100,98.91,98.94
6266,1,08-05-2015,JNJ,JOHNSON & JOHNSON,101.47,101.67,100.443,100.48
6266,1,11-05-2015,JNJ,JOHNSON & JOHNSON,101.03,101.66,101.01,101.32
6266,1,12-05-2015,JNJ,JOHNSON & JOHNSON,100.47,101.05,100.28,100.88
6266,1,13-05-2015,JNJ,JOHNSON & JOHNSON,100.55,101.13,100.47,100.68
6266,1,14-05-2015,JNJ,JOHNSON & JOHNSON,101.83,101.87,100.95,100.97
6266,1,15-05-2015,JNJ,JOHNSON & JOHNSON,102.3,102.32,101.67,101.98
6266,1,18-05-2015,JNJ,JOHNSON & JOHNSON,103.42,104.34,102.32,102.37
6266,1,19-05-2015,JNJ,JOHNSON & JOHNSON,103.96,104.12,103.2549,103.66
6266,1,20-05-2015,JNJ,JOHNSON & JOHNSON,103.6,104.48,103.31,104.42
6266,1,21-05-2015,JNJ,JOHNSON & JOHNSON,102.42,103.3007,102.34,102.91
6266,1,22-05-2015,JNJ,JOHNSON & JOHNSON,101.35,102.41,101.33,102.27
6266,1,26-05-2015,JNJ,JOHNSON & JOHNSON,100.82,101.55,100.58,101.23
6266,1,27-05-2015,JNJ,JOHNSON & JOHNSON,101.13,101.41,100.8,101.01
6266,1,28-05-2015,JNJ,JOHNSON & JOHNSON,101.15,101.7,100.81,101.01
6266,1,29-05-2015,JNJ,JOHNSON & JOHNSON,100.14,101.62,99.83,101.55
6266,1,01-06-2015,JNJ,JOHNSON & JOHNSON,100.04,100.6,99.72,100.28
6266,1,02-06-2015,JNJ,JOHNSON & JOHNSON,99.98,100.24,99.1,99.92
6266,1,03-06-2015,JNJ,JOHNSON & JOHNSON,100.09,100.43,99.84,100.32
6266,1,04-06-2015,JNJ,JOHNSON & JOHNSON,99.23,100.47,99.06,99.94
6266,1,05-06-2015,JNJ,JOHNSON & JOHNSON,98.59,99.05,98.2,98.99
6266,1,08-06-2015,JNJ,JOHNSON & JOHNSON,97.96,98.98,97.96,98.6
6266,1,09-06-2015,JNJ,JOHNSON & JOHNSON,98.21,98.54,97.8,98.44
6266,1,10-06-2015,JNJ,JOHNSON & JOHNSON,98.88,99.55,98.2,98.48
6266,1,11-06-2015,JNJ,JOHNSON & JOHNSON,99.24,99.8,98.83,99.2
6266,1,12-06-2015,JNJ,JOHNSON & JOHNSON,98.35,99.229,98.12,98.88
6266,1,15-06-2015,JNJ,JOHNSON & JOHNSON,97.49,97.87,97.01,97.75
6266,1,16-06-2015,JNJ,JOHNSON & JOHNSON,98.36,98.49,97.1,97.5
6266,1,17-06-2015,JNJ,JOHNSON & JOHNSON,98.73,99.1199,98.15,98.38
6266,1,18-06-2015,JNJ,JOHNSON & JOHNSON,100.36,100.55,98.71,98.86
6266,1,19-06-2015,JNJ,JOHNSON & JOHNSON,99.86,100.2,99.78,99.88
6266,1,22-06-2015,JNJ,JOHNSON & JOHNSON,100.09,100.84,99.99,100.6
6266,1,23-06-2015,JNJ,JOHNSON & JOHNSON,99.78,100.36,99.48,100.1
6266,1,24-06-2015,JNJ,JOHNSON & JOHNSON,99.33,99.81,99.07,99.51
6266,1,25-06-2015,JNJ,JOHNSON & JOHNSON,99.12,99.98,99.11,99.5
6266,1,26-06-2015,JNJ,JOHNSON & JOHNSON,99.64,100.13,99.12,99.43
6266,1,29-06-2015,JNJ,JOHNSON & JOHNSON,97.68,99.35,97.62,98.98
6266,1,30-06-2015,JNJ,JOHNSON & JOHNSON,97.46,98.45,97.3,98.43
6266,1,01-07-2015,JNJ,JOHNSON & JOHNSON,98.47,98.675,97.64,98.3
6266,1,02-07-2015,JNJ,JOHNSON & JOHNSON,98.44,99.02,98.32,98.85
6266,1,06-07-2015,JNJ,JOHNSON & JOHNSON,98.2,98.5,96.64,97.71
6266,1,07-07-2015,JNJ,JOHNSON & JOHNSON,98.92,98.98,97.52,98.63
6266,1,08-07-2015,JNJ,JOHNSON & JOHNSON,97.77,98.59,97.69,98.42
6266,1,09-07-2015,JNJ,JOHNSON & JOHNSON,98.4,99.5398,98.4,99.05
6266,1,10-07-2015,JNJ,JOHNSON & JOHNSON,99.53,99.89,99.09,99.78
6266,1,13-07-2015,JNJ,JOHNSON & JOHNSON,100.27,100.48,99.87,100.05
6266,1,14-07-2015,JNJ,JOHNSON & JOHNSON,99.78,99.88,98.55,99.26
6266,1,15-07-2015,JNJ,JOHNSON & JOHNSON,100.42,100.94,99.63,99.76
6266,1,16-07-2015,JNJ,JOHNSON & JOHNSON,101.11,101.36,100.78,100.95
6266,1,17-07-2015,JNJ,JOHNSON & JOHNSON,100.08,100.91,99.96,100.89
6266,1,20-07-2015,JNJ,JOHNSON & JOHNSON,100.37,100.65,100.1,100.5
6266,1,21-07-2015,JNJ,JOHNSON & JOHNSON,100.34,100.81,100.07,100.6
6266,1,22-07-2015,JNJ,JOHNSON & JOHNSON,100.18,100.71,99.73,100.41
6266,1,23-07-2015,JNJ,JOHNSON & JOHNSON,100.2,100.6,100,100.5
6266,1,24-07-2015,JNJ,JOHNSON & JOHNSON,99.15,99.95,99.05,99.75
6266,1,27-07-2015,JNJ,JOHNSON & JOHNSON,98.28,98.99,97.915,98.97
6266,1,28-07-2015,JNJ,JOHNSON & JOHNSON,99.02,99.23,98.42,98.89
6266,1,29-07-2015,JNJ,JOHNSON & JOHNSON,99.73,100.05,99.05,99.26
6266,1,30-07-2015,JNJ,JOHNSON & JOHNSON,99.84,100,99.38,99.8
6266,1,31-07-2015,JNJ,JOHNSON & JOHNSON,100.21,100.98,99.96,100.34
6266,1,03-08-2015,JNJ,JOHNSON & JOHNSON,100.02,100.21,99.23,100
6266,1,04-08-2015,JNJ,JOHNSON & JOHNSON,99.8,100.5,99.65,100.41
6266,1,05-08-2015,JNJ,JOHNSON & JOHNSON,100.52,101,100.35,100.57
6266,1,06-08-2015,JNJ,JOHNSON & JOHNSON,99.07,100.6,99.01,100.49
6266,1,07-08-2015,JNJ,JOHNSON & JOHNSON,98.85,99.07,98.16,99.02
6266,1,10-08-2015,JNJ,JOHNSON & JOHNSON,99.79,100.06,99.45,99.57
6266,1,11-08-2015,JNJ,JOHNSON & JOHNSON,99.01,99.34,98.77,99.05
6266,1,12-08-2015,JNJ,JOHNSON & JOHNSON,98.71,98.73,97.41,98.4
6266,1,13-08-2015,JNJ,JOHNSON & JOHNSON,98.48,98.98,98.15,98.74
6266,1,14-08-2015,JNJ,JOHNSON & JOHNSON,98.81,98.825,97.8728,98.33
6266,1,17-08-2015,JNJ,JOHNSON & JOHNSON,99.87,99.88,98.06,98.44
6266,1,18-08-2015,JNJ,JOHNSON & JOHNSON,99.37,99.68,99.02,99.24
6266,1,19-08-2015,JNJ,JOHNSON & JOHNSON,99.31,99.99,98.78,99.18
6266,1,20-08-2015,JNJ,JOHNSON & JOHNSON,98.79,100.1199,98.79,98.95
6266,1,21-08-2015,JNJ,JOHNSON & JOHNSON,95.56,98.52,95.51,97.22
6266,1,24-08-2015,JNJ,JOHNSON & JOHNSON,92.82,95.21,81.79,91.08
6266,1,25-08-2015,JNJ,JOHNSON & JOHNSON,90.73,95.7,90.4,95.69
6266,1,26-08-2015,JNJ,JOHNSON & JOHNSON,95.11,95.22,91.46,92.91
6266,1,27-08-2015,JNJ,JOHNSON & JOHNSON,96.22,96.4,94.35,96.1
6266,1,28-08-2015,JNJ,JOHNSON & JOHNSON,95.17,96.29,94.38,95.93
6266,1,31-08-2015,JNJ,JOHNSON & JOHNSON,93.98,95.17,93.58,94.88
6266,1,01-09-2015,JNJ,JOHNSON & JOHNSON,92.09,92.89,91.4601,92.29
6266,1,02-09-2015,JNJ,JOHNSON & JOHNSON,93.35,93.47,92.5,93.17
6266,1,03-09-2015,JNJ,JOHNSON & JOHNSON,92.64,94.09,92.26,93.66
6266,1,04-09-2015,JNJ,JOHNSON & JOHNSON,91.31,91.88,90.5728,91.58
6266,1,08-09-2015,JNJ,JOHNSON & JOHNSON,93.94,93.98,92.51,93.09
6266,1,09-09-2015,JNJ,JOHNSON & JOHNSON,92.22,95.16,92.03,94.99
6266,1,10-09-2015,JNJ,JOHNSON & JOHNSON,92.72,93.48,91.615,92.11
6266,1,11-09-2015,JNJ,JOHNSON & JOHNSON,92.93,93,91.8,92.44
6266,1,14-09-2015,JNJ,JOHNSON & JOHNSON,93.32,93.91,92.51,92.9
6266,1,15-09-2015,JNJ,JOHNSON & JOHNSON,94.4,94.745,93.19,93.79
6266,1,16-09-2015,JNJ,JOHNSON & JOHNSON,94.61,94.82,93.82,94.49
6266,1,17-09-2015,JNJ,JOHNSON & JOHNSON,94.84,96.19,94.32,94.53
6266,1,18-09-2015,JNJ,JOHNSON & JOHNSON,93.39,94.7185,93.25,94.08
6266,1,21-09-2015,JNJ,JOHNSON & JOHNSON,93.13,94.6,92.37,93.87
6266,1,22-09-2015,JNJ,JOHNSON & JOHNSON,93.24,93.44,91.8799,92.26
6266,1,23-09-2015,JNJ,JOHNSON & JOHNSON,92.99,93.7,92.56,93.21
6266,1,24-09-2015,JNJ,JOHNSON & JOHNSON,92.48,92.94,91.775,92.52
6266,1,25-09-2015,JNJ,JOHNSON & JOHNSON,91,93.125,90.76,92.93
6266,1,28-09-2015,JNJ,JOHNSON & JOHNSON,91.37,92.07,89.9,90.7
6266,1,29-09-2015,JNJ,JOHNSON & JOHNSON,93.04,93.84,91.83,92.24
6266,1,30-09-2015,JNJ,JOHNSON & JOHNSON,93.35,94.47,92.59,94.13
6266,1,01-10-2015,JNJ,JOHNSON & JOHNSON,93.17,93.85,91.76,93.43
6266,1,02-10-2015,JNJ,JOHNSON & JOHNSON,93.93,93.97,91.84,92.14
6266,1,05-10-2015,JNJ,JOHNSON & JOHNSON,94.76,94.82,94.075,94.19
6266,1,06-10-2015,JNJ,JOHNSON & JOHNSON,93.42,94.66,92.58,94.52
6266,1,07-10-2015,JNJ,JOHNSON & JOHNSON,94.98,95.42,93.44,94.26
6266,1,08-10-2015,JNJ,JOHNSON & JOHNSON,95.08,95.195,93.81,94.71
6266,1,09-10-2015,JNJ,JOHNSON & JOHNSON,95.37,95.96,94.7775,95.14
6266,1,12-10-2015,JNJ,JOHNSON & JOHNSON,95.99,96.47,94.98,95.07
6266,1,13-10-2015,JNJ,JOHNSON & JOHNSON,95.45,96.23,94.31,94.79
6266,1,14-10-2015,JNJ,JOHNSON & JOHNSON,94.53,95.96,94.12,95.21
6266,1,15-10-2015,JNJ,JOHNSON & JOHNSON,97.15,97.35,94.86,95
6266,1,16-10-2015,JNJ,JOHNSON & JOHNSON,98.24,98.31,97.4,97.87
6266,1,19-10-2015,JNJ,JOHNSON & JOHNSON,97.94,98.2,97.31,98.05
6266,1,20-10-2015,JNJ,JOHNSON & JOHNSON,97.59,98.25,97.31,97.95
6266,1,21-10-2015,JNJ,JOHNSON & JOHNSON,97.63,98.22,97.07,97.64
6266,1,22-10-2015,JNJ,JOHNSON & JOHNSON,99.53,99.81,97.13,97.85
6266,1,23-10-2015,JNJ,JOHNSON & JOHNSON,100.31,100.88,99.53,99.88
6266,1,26-10-2015,JNJ,JOHNSON & JOHNSON,99.94,100.28,99.49,100.05
6266,1,27-10-2015,JNJ,JOHNSON & JOHNSON,100.19,100.9,99.7,99.92
6266,1,28-10-2015,JNJ,JOHNSON & JOHNSON,100.48,100.48,99.5,100.45
6266,1,29-10-2015,JNJ,JOHNSON & JOHNSON,101.37,101.53,100.12,100.47
6266,1,30-10-2015,JNJ,JOHNSON & JOHNSON,101.03,102.12,101.01,101.53
6266,1,02-11-2015,JNJ,JOHNSON & JOHNSON,102.17,102.34,100.84,101.18
6266,1,03-11-2015,JNJ,JOHNSON & JOHNSON,101.96,102.3,101.11,101.84
6266,1,04-11-2015,JNJ,JOHNSON & JOHNSON,101.94,102.39,101.69,101.9
6266,1,05-11-2015,JNJ,JOHNSON & JOHNSON,102.33,102.49,101.42,102.25
6266,1,06-11-2015,JNJ,JOHNSON & JOHNSON,101.92,101.92,100.86,101.57
6266,1,09-11-2015,JNJ,JOHNSON & JOHNSON,100.84,101.59,100.55,101.39
6266,1,10-11-2015,JNJ,JOHNSON & JOHNSON,101.45,101.76,100.68,101
6266,1,11-11-2015,JNJ,JOHNSON & JOHNSON,101.86,102.355,101.5,101.78
6266,1,12-11-2015,JNJ,JOHNSON & JOHNSON,100.27,101.605,100.22,101.14
6266,1,13-11-2015,JNJ,JOHNSON & JOHNSON,99.88,100.94,99.74,100.04
6266,1,16-11-2015,JNJ,JOHNSON & JOHNSON,101.22,101.29,100.04,100.38
6266,1,17-11-2015,JNJ,JOHNSON & JOHNSON,101.5,101.71,100.88,101.34
6266,1,18-11-2015,JNJ,JOHNSON & JOHNSON,102.67,102.8,101.31,101.53
6266,1,19-11-2015,JNJ,JOHNSON & JOHNSON,102.49,102.68,102.06,102.66
6266,1,20-11-2015,JNJ,JOHNSON & JOHNSON,102.48,102.8,102.2,102.49
6266,1,23-11-2015,JNJ,JOHNSON & JOHNSON,102.77,103,102.19,102.39
6266,1,24-11-2015,JNJ,JOHNSON & JOHNSON,102.04,102.79,101.81,101.81
6266,1,25-11-2015,JNJ,JOHNSON & JOHNSON,101.96,102.33,101.96,102.17
6266,1,27-11-2015,JNJ,JOHNSON & JOHNSON,102.37,102.62,101.79,102.28
6266,1,30-11-2015,JNJ,JOHNSON & JOHNSON,101.24,102.48,101.24,102.48
6266,1,01-12-2015,JNJ,JOHNSON & JOHNSON,102.36,102.49,101.12,101.73
6266,1,02-12-2015,JNJ,JOHNSON & JOHNSON,102.05,102.93,101.99,102.5
6266,1,03-12-2015,JNJ,JOHNSON & JOHNSON,100.79,102.37,100.31,102.27
6266,1,04-12-2015,JNJ,JOHNSON & JOHNSON,102.95,103,101.28,101.4
6266,1,07-12-2015,JNJ,JOHNSON & JOHNSON,103.32,103.49,102.6,102.61
6266,1,08-12-2015,JNJ,JOHNSON & JOHNSON,102.42,103.24,101.9103,102.98
6266,1,09-12-2015,JNJ,JOHNSON & JOHNSON,102.15,103.34,101.67,102.14
6266,1,10-12-2015,JNJ,JOHNSON & JOHNSON,102.64,103.34,101.8,102.3
6266,1,11-12-2015,JNJ,JOHNSON & JOHNSON,101.68,102.37,101.43,102.37
6266,1,14-12-2015,JNJ,JOHNSON & JOHNSON,102.15,102.29,100.78,101.645
6266,1,15-12-2015,JNJ,JOHNSON & JOHNSON,104.13,104.69,102.65,102.65
6266,1,16-12-2015,JNJ,JOHNSON & JOHNSON,105.25,105.49,103.52,104.64
6266,1,17-12-2015,JNJ,JOHNSON & JOHNSON,103.64,105.26,103.63,105.16
6266,1,18-12-2015,JNJ,JOHNSON & JOHNSON,101.95,103.08,101.95,103.08
6266,1,21-12-2015,JNJ,JOHNSON & JOHNSON,101.58,102.92,100.85,102.34
6266,1,22-12-2015,JNJ,JOHNSON & JOHNSON,102.71,102.88,101.15,101.91
6266,1,23-12-2015,JNJ,JOHNSON & JOHNSON,103.49,103.67,102.74,103.11
6266,1,24-12-2015,JNJ,JOHNSON & JOHNSON,103.72,103.91,103.01,103.12
6266,1,28-12-2015,JNJ,JOHNSON & JOHNSON,103.22,103.47,102.925,103.18
6266,1,29-12-2015,JNJ,JOHNSON & JOHNSON,104.03,104.185,103.34,103.34
6266,1,30-12-2015,JNJ,JOHNSON & JOHNSON,103.78,104.34,103.53,104.11
6266,1,31-12-2015,JNJ,JOHNSON & JOHNSON,102.72,103.62,102.69,103.37
